course_code,course_title,department,document_url,source_page_url,source_name,audit_status,academic_year,term,course_code_found,page_count,pdf_sha256,evidence,rejection_reason
AUTOTECH 2AE3,Design of Machine Elements,AUTOTECH,https://www.eng.mcmaster.ca//app/uploads/2024/01/AUTOTECH-2AE3-Fall-2023.pdf,https://www.eng.mcmaster.ca/sept/courses/,engineering_technology,approved,2023,fall,True,5,b33f4387fe7a23f2e6bb71a9f3dad42a52bcc0c4b88e1c83d0f2fcfb14156b46,filename: fall-2023; matching course code,
AUTOTECH 2CD3,Computer Aided Design,AUTOTECH,https://www.eng.mcmaster.ca//app/uploads/2024/01/autotech_2cd3_fall_2021.pdf,https://www.eng.mcmaster.ca/sept/courses/,engineering_technology,approved,2021,fall,True,7,1041d746f99b1d2f8ed7560f2e6e588c604c315bc67d679e6f243ee3042eab7d,filename: fall_2021; matching course code,
AUTOTECH 2MT3,Structure and Properties of Materials,AUTOTECH,https://www.eng.mcmaster.ca//app/uploads/2024/01/autotech_2mt3_fall_2021.pdf,https://www.eng.mcmaster.ca/sept/courses/,engineering_technology,approved,2021,fall,True,6,dc3c5945fa986c268d8cb447e02ca548517c85914351af143b5ec73734be1640,filename: fall_2021; matching course code,
AUTOTECH 3AE3,Automotive Systems and Integrations,AUTOTECH,https://www.eng.mcmaster.ca//app/uploads/2024/01/autotech_3ae3_outline_draft.pdf,https://www.eng.mcmaster.ca/sept/courses/,engineering_technology,approved,2021,fall,True,6,e09d3ccac1d95ef18182b1eb90ab490a246cb925570370ef8f8d2f208c3aa28d,visual: complete official outline; Fall 2021 dates and course code visible,
AUTOTECH 3CT3,Control Theory,AUTOTECH,https://www.eng.mcmaster.ca//app/uploads/2024/01/autotech_3ct3_outline_fall_2021_mcmaster.pdf,https://www.eng.mcmaster.ca/sept/courses/,engineering_technology,approved,2021,fall,True,5,a13fb07204c5d202ce7517c50c250afe25802a794546e83736bf6262d9e17b3d,filename: fall_2021; matching course code,
AUTOTECH 3MP3,Manufacturing Processes and Systems,AUTOTECH,https://www.eng.mcmaster.ca//app/uploads/2024/01/autotech_3mp3_course_outline_fall_2021_yakout_0.pdf,https://www.eng.mcmaster.ca/sept/courses/,engineering_technology,approved,2021,fall,True,5,1486beeca6faf9ec530e859582d786fbe4630ad5a464d0092898892bfb073b6a,filename: fall_2021; matching course code,
AUTOTECH 3MV3,Mechatronics,AUTOTECH,https://www.eng.mcmaster.ca//app/uploads/2024/01/autotech_3mv3.pdf,https://www.eng.mcmaster.ca/sept/courses/,engineering_technology,approved,2020,fall,True,6,a378c754bb9836b9f6f7b4c17afca59e9b015b7335edff4beac2992f358a84a4,document: fall 2020; matching course code,
AUTOTECH 3VD3,Mechanical Vibrations,AUTOTECH,https://www.eng.mcmaster.ca//app/uploads/2024/01/autotech_3vd3_outline_fall_2021_mcmaster.pdf,https://www.eng.mcmaster.ca/sept/courses/,engineering_technology,approved,2021,fall,True,5,1ef0b5218bb95e17e4c6854e57dfcd635d554de25d1b4b4e24b21dc7fba18a7c,filename: fall_2021; matching course code,
AUTOTECH 4AT3,Conceptual Design of Electric and Hybrid Vehicles,AUTOTECH,https://www.eng.mcmaster.ca//app/uploads/2024/01/autotech_4at3_outline_21c.pdf,https://www.eng.mcmaster.ca/sept/courses/,engineering_technology,approved,2021,fall,True,5,c677282ca3b49da5d8fd749dc95ee8f7285d0c94825f96f1c34b45ce6b56aa6b,document: fall 2021; matching course code,
AUTOTECH 4CI3,Robotics and Computer Integrated Manufacturing,AUTOTECH,https://www.eng.mcmaster.ca//app/uploads/2024/01/autotech_4ci3_outline_fall_2021_mcmaster.pdf,https://www.eng.mcmaster.ca/sept/courses/,engineering_technology,approved,2021,fall,True,6,4fc3f79ec8799bc80f2ed8ca6190706396e477dbb04c6787affdb08013077aaa,filename: fall_2021; matching course code,
AUTOTECH 4DV3,Vehicle Dynamics,AUTOTECH,https://www.eng.mcmaster.ca//app/uploads/2024/01/autotech_4dv3_0.pdf,https://www.eng.mcmaster.ca/sept/courses/,engineering_technology,approved,2021,fall,True,6,b33d871d1402ee1317b3a7eaad7ed79ff0bb8dc28cf0b023072d82d0e2f7664e,document: fall 2021; matching course code,
BIOTECH 2CB3,Cell Biology,BIOTECH,https://www.eng.mcmaster.ca//app/uploads/2024/01/BIOTECH-2CB3-Fall-2023.pdf,https://www.eng.mcmaster.ca/sept/courses/,engineering_technology,approved,2023,fall,True,6,b6c1791d6f61b5620124d821141a60de3b70f099a3513579f5473e590c5ca873,filename: fall-2023; matching course code,
BIOTECH 2M03,Molecular Biology,BIOTECH,https://www.eng.mcmaster.ca//app/uploads/2024/01/BIOTECH-2M03-Fall-2023.pdf,https://www.eng.mcmaster.ca/sept/courses/,engineering_technology,approved,2023,fall,True,8,6af6ce7306017668b025e3e5f760a647bc6fa36c307cc6a700982edb4c9e3856,filename: fall-2023; matching course code,
BIOTECH 2OC3,Organic Chemistry,BIOTECH,https://www.eng.mcmaster.ca//app/uploads/2024/01/BIOTECH-2OC3-Fall-2023.pdf,https://www.eng.mcmaster.ca/sept/courses/,engineering_technology,approved,2023,fall,True,8,16e3bd5352fe06d112b3b2674a5686ad5a1c5709d3c8d6fd1c71770b3486dfa8,filename: fall-2023; matching course code,
BIOTECH 3B03,Industrial Biotechnology,BIOTECH,https://www.eng.mcmaster.ca//app/uploads/2024/01/BIOTECH-3B03-Fall-2023.pdf,https://www.eng.mcmaster.ca/sept/courses/,engineering_technology,approved,2023,fall,True,6,ff3d6377469cb406686669a7a3325ae146938be208450e72a8e06a3affe83f17,filename: fall-2023; matching course code,
BIOTECH 3BC3,Bioprocess Control and Dynamics,BIOTECH,https://www.eng.mcmaster.ca//app/uploads/2024/01/BIOTECH-3BC3-Fall-2023.pdf,https://www.eng.mcmaster.ca/sept/courses/,engineering_technology,approved,2023,fall,True,6,d36dcfb7f741150c059537831d0bbda76f601c0e2dd1e6bf1891e7526ac9f5c5,filename: fall-2023; matching course code,
BIOTECH 3CM3,Computational Modeling of Biological Systems,BIOTECH,https://www.eng.mcmaster.ca//app/uploads/2024/01/BIOTECH-3CM3-Fall-2023.pdf,https://www.eng.mcmaster.ca/sept/courses/,engineering_technology,approved,2023,fall,True,5,e7900c3e925c0e118b030bd02b9d57381bf93480b2ba5176bf0dd574c740a0aa,filename: fall-2023; matching course code,
BIOTECH 3FM3,Food Microbiology,BIOTECH,https://www.eng.mcmaster.ca//app/uploads/2024/01/BIOTECH-3FM3-Fall-2023.pdf,https://www.eng.mcmaster.ca/sept/courses/,engineering_technology,approved,2023,fall,True,7,5146110a37b9de087870a807b114ae9517809503cf1880c188caca4e86c9eceb,filename: fall-2023; matching course code,
BIOTECH 3IV3,Immunology and Virology,BIOTECH,https://www.eng.mcmaster.ca//app/uploads/2024/01/BIOTECH-3IV3-Fall-2023.pdf,https://www.eng.mcmaster.ca/sept/courses/,engineering_technology,approved,2023,fall,True,8,1dd924b9ac9f2543a569563a89e788bd1311e1ecdb7ca1c09b68e7f644205260,filename: fall-2023; matching course code,
BIOTECH 3PM3,Pharmacology,BIOTECH,https://www.eng.mcmaster.ca//app/uploads/2024/01/BIOTECH-3PM3-Fall-2023.pdf,https://www.eng.mcmaster.ca/sept/courses/,engineering_technology,approved,2023,fall,True,6,ce10647c585430f05de6546abcbd27412d342b726c9991ca84154897ed654561,filename: fall-2023; matching course code,
BIOTECH 4BI3,Bioinformatics,BIOTECH,https://www.eng.mcmaster.ca//app/uploads/2024/01/biotech_4bi3_-_bioinformatics_course_outline_0.pdf,https://www.eng.mcmaster.ca/sept/courses/,engineering_technology,approved,2021,fall,True,7,bf386fff963fb4becf08f0cc7277f9c2402b61480b17160ede02284dea0d2eb4,document: fall 2021; matching course code,
BIOTECH 4BS3,Ethics and Biotechnology Regulations,BIOTECH,https://www.eng.mcmaster.ca//app/uploads/2024/01/biotech_4bs3_2021_course_outline.pdf,https://www.eng.mcmaster.ca/sept/courses/,engineering_technology,approved,2021,fall,True,6,0d08311c732676a6f6078ffb64fae0d4d78e0a910b9af6e5f21ba8eda6152091,document: fall 2021; matching course code,
CHALLENG 2CC3,Critical Challenges for Humanity,CHALLENG,https://www.eng.mcmaster.ca//app/uploads/2024/05/CHALLENG-2CC3-Course-Outline-Fall-2026-August-16-2026.pdf,https://www.eng.mcmaster.ca/engphys/courses/,engineering_engineering_physics,approved,2026,fall,True,6,bc4b830f18b2edeab7d384afb6347c66baff122f4858195794d696738730e8bb,filename: fall-2026; matching course code,
CHEMENG 2D04,Chemical Engineering Principles I,CHEMENG,https://www.eng.mcmaster.ca//app/uploads/2024/01/CHEMENG-2D04_Course-Outline_F2025-tentative.pdf,https://www.eng.mcmaster.ca/chemeng/courses/,engineering_chemical,approved,2025,fall,True,10,d5c08096b6ba1cc9f4ee231e9803574735a7f6428cc1024a45e22c0593cabb89,filename: f2025; matching course code,
CHEMENG 2DW1,Problem Solving Strategies,CHEMENG,https://www.eng.mcmaster.ca//app/uploads/2025/09/2DW1_Syllabus_2025.pdf,https://www.eng.mcmaster.ca/chemeng/courses/,engineering_chemical,approved,2025,fall,True,9,8453e04e64ad3436af92da4b5ef866620bcdee9f3acdc04210cf1675650d5950,document: fall 2025; matching course code,
CHEMENG 2E04,Numerical Methods and Computing for Chemical Engineers,CHEMENG,https://www.eng.mcmaster.ca//app/uploads/2024/01/CHEMENG-2E04_Course-Outline_F2025.pdf,https://www.eng.mcmaster.ca/chemeng/courses/,engineering_chemical,approved,2025,fall,True,11,959912516809c2c6f6f2fb8c41d6fb1c843c55c7700be4290d2b53c4e4609e4c,filename: f2025; matching course code,
CHEMENG 3BK3,Bio-Reaction Engineering,CHEMENG,https://www.eng.mcmaster.ca//app/uploads/2024/01/CHEMENG-3BK3_Course-Outline_F2025.pdf,https://www.eng.mcmaster.ca/chemeng/courses/,engineering_chemical,approved,2025,fall,True,8,4054335d64d50d4dd01e32e515b628102a1ab4b6496ed3f5f829c38ee8940f52,filename: f2025; matching course code,
CHEMENG 3D04,Chemical Engineering Thermodynamics,CHEMENG,https://www.eng.mcmaster.ca//app/uploads/2024/01/CHEMENG-3D04_Course-Outline_F2025.pdf,https://www.eng.mcmaster.ca/chemeng/courses/,engineering_chemical,approved,2025,fall,True,9,75e6de26dd6007dfab9ac0ee24bf00fcb3a584276c3281ec04adc7a33305a3f0,filename: f2025; matching course code,
CHEMENG 3TP6,Transport Phenomena,CHEMENG,https://www.eng.mcmaster.ca//app/uploads/2025/09/CHEMENG-3TP6_Course-Outline_F2025.pdf,https://www.eng.mcmaster.ca/chemeng/courses/,engineering_chemical,approved,2025,fall,True,10,4b2c770f8d1db99f6db783f33068685e58e0dd48a259da83b3f1a6b494c159e9,filename: f2025; matching course code,
CHEMENG 3U04,Unit Operations,CHEMENG,https://www.eng.mcmaster.ca//app/uploads/2025/09/CHEMENG-3U04_Course-Outline_F2025.pdf,https://www.eng.mcmaster.ca/chemeng/courses/,engineering_chemical,approved,2025,fall,True,8,8061cf81f5f15c3dbe393cb5639d3fc3829dcbe74171e3151c45335ef481ea14,filename: f2025; matching course code,
CHEMENG 4A03,Energy Systems Engineering,CHEMENG,https://www.eng.mcmaster.ca//app/uploads/2025/05/ChE4A03_CourseOutlineCleaned_2025_v01.pdf,https://www.eng.mcmaster.ca/chemeng/courses/,engineering_chemical,manual_review,,,True,8,d364d2afa8bb4de2af19fbb00016d78173d82928fa7539ca3781ed003285fc92,matching course code,academic year or term could not be verified
CHEMENG 4B03,Polymer Reaction Engineering,CHEMENG,https://www.eng.mcmaster.ca//app/uploads/2024/01/CHEMENG-4B03_6B03_Course-Outline_F2025.pdf,https://www.eng.mcmaster.ca/chemeng/courses/,engineering_chemical,approved,2025,fall,True,8,f71b4045ff7cfaea2aa5d91b11364d6d275caf34ee1d4473d28a278193daf587,filename: f2025; matching course code,
CHEMENG 4K03,Reactor Design for Heterogeneous Systems: Principles and Machine Learning Perspective,CHEMENG,https://www.eng.mcmaster.ca//app/uploads/2024/01/CHEMENG-4K03_Course-Outline_F2025.pdf,https://www.eng.mcmaster.ca/chemeng/courses/,engineering_chemical,approved,2025,fall,True,7,cdc82d82a827023b795dbae72fe416ce81ac07c5adbab941fc224408ea1970f9,filename: f2025; matching course code,
CHEMENG 4L03,Advanced Laboratory Skills,CHEMENG,https://www.eng.mcmaster.ca//app/uploads/2024/01/4L03-Syllabus-Word-Doc-Aug-25-2025.pdf,https://www.eng.mcmaster.ca/chemeng/courses/,engineering_chemical,approved,2025,fall,True,21,de4d5f330f59edd113ed9a6d99fd9f6827fe3c74837411e4c642a961c594d6ab,document: fall 2025; matching course code,
CHEMENG 4M03,Industrial Separation Processes,CHEMENG,https://www.eng.mcmaster.ca//app/uploads/2024/01/4M03CourseOutline2025.pdf,https://www.eng.mcmaster.ca/chemeng/courses/,engineering_chemical,approved,2025,fall,True,5,8f7a4353d63e59e5e0d98e557d5abbc239281a4db1ae968654d771dbe949130b,"visual: Course Outline; Term I, 2025/2026",
CHEMENG 4N04,Engineering Economics and Problem Solving,CHEMENG,https://www.eng.mcmaster.ca//app/uploads/2024/01/4N04_Syllabus_2025.pdf,https://www.eng.mcmaster.ca/chemeng/courses/,engineering_chemical,approved,2025,fall,True,14,0a6fda5d98732f36ca734ddf130a832b8003917b070fdb5996ad351b80ac221d,document: fall 2025; matching course code,
CHEMENG 4Y04A,Senior Independent Project,CHEMENG,https://www.eng.mcmaster.ca//app/uploads/2024/01/CHEMICAL-ENGINEERING-4Y04-Course-Outline-and-Supervisory-Agreement-1.pdf,https://www.eng.mcmaster.ca/chemeng/courses/,engineering_chemical,manual_review,,,True,2,28dc8f3d3673790f9d52262142d162d53b7e8df6ef8a06c4e1639b260dcbad40,matching course code,academic year or term could not be verified
CIVENG 2A03,Surveying and Measurement for Transportation and Construction,CIVENG,https://www.eng.mcmaster.ca//app/uploads/2024/01/CIVENG-2A03-Course-Outline-Fall-2025.pdf,https://www.eng.mcmaster.ca/civil/courses/,engineering_civil,approved,2025,fall,True,7,664711f6220de44f4fd1e58d4be0bc238ac75cee1ff6ebda186665e59563e099,filename: fall-2025; matching course code,
CIVENG 2B04,Principles of Environmental Engineering,CIVENG,https://www.eng.mcmaster.ca//app/uploads/2024/01/course-outline-2B04.pdf,https://www.eng.mcmaster.ca/civil/courses/,engineering_civil,approved,2025,fall,True,11,992f790fa477531d15ac103ceab8794d6afd6bf8c543f9803a616cae0f75bbe2,document: fall 2025; matching course code,
CIVENG 2P04,Statics and Mechanics of Materials,CIVENG,https://www.eng.mcmaster.ca//app/uploads/2024/01/Course-Outline_2P04_Fall2025.pdf,https://www.eng.mcmaster.ca/civil/courses/,engineering_civil,approved,2025,fall,True,8,d457986f6ee516bbff97adf194fd1452911c1ba8a27b02bcb801b6f72dcc5d2f,filename: fall2025; matching course code,
CIVENG 2X03,Introduction to Civil Engineering,CIVENG,https://www.eng.mcmaster.ca//app/uploads/2024/08/CE2X03.pdf,https://www.eng.mcmaster.ca/civil/courses/,engineering_civil,approved,2025,fall,True,10,a6277499a5d70accd96b704e6f9d800cb5a1d4febdd55deede2cff7614bf1f8e,visual: Course Outline; Session Offered Fall 2025,
CIVENG 3C03,Engineering Systems,CIVENG,https://www.eng.mcmaster.ca//app/uploads/2024/01/Fall-2025-CIVENG-3C03-C01-ABDELMOM-Engineering-Systems.pdf,https://www.eng.mcmaster.ca/civil/courses/,engineering_civil,approved,2025,fall,True,11,6b90eb1d5fa33e223ab161174cb9b47ad51c27148657f8127bcb72b629b6fa25,filename: fall-2025; matching course code,
CIVENG 3G04,Structural Analysis,CIVENG,https://www.eng.mcmaster.ca//app/uploads/2024/01/CE3G04-2025-26-COURSE-OUTLINE.pdf,https://www.eng.mcmaster.ca/civil/courses/,engineering_civil,approved,2025,fall,True,6,ab9ccd056fab85c41a5c2a944ec52919f12d37344d6243d442d57ea284ca194d,document: fall 2025; matching course code,
CIVENG 3K03,Introduction to Transportation Engineering,CIVENG,https://www.eng.mcmaster.ca//app/uploads/2024/01/Fall-2025-CIVENG-3K03-T02-RAZAVI-Introduction-to-Transportation-Engineering.pdf,https://www.eng.mcmaster.ca/civil/courses/,engineering_civil,approved,2025,fall,True,13,6e468f6f21f4c789f9c7d96f46960ada05e52bfcb125d6a3d56ddeaea5976af4,visual: CIVENG 3K03; Fall 2025,
CIVENG 3P04,Civil Engineering Materials and Design,CIVENG,https://www.eng.mcmaster.ca//app/uploads/2024/01/Course-Outline_CIVEN-3P04_Fall-2025.pdf,https://www.eng.mcmaster.ca/civil/courses/,engineering_civil,approved,2025,fall,True,8,ae69d38e6940968c2755cab26201c7663b000c75b378806ca1c553171eada39a,filename: fall-2025; matching course code,
CIVENG 4A04,Engineering Hydrology,CIVENG,https://www.eng.mcmaster.ca//app/uploads/2024/08/Fall-2024-CIVENG-4A04-IRANNEA-.pdf,https://www.eng.mcmaster.ca/civil/courses/,engineering_civil,approved,2024,fall,True,10,560ed2f44e053c50f413c9a16be658020fc1876223019d19a727af5a13cbaa98,visual: CIVENG 4A04; Fall 2024,
CIVENG 4BP4,Building Science,CIVENG,https://www.eng.mcmaster.ca//app/uploads/2024/01/CE4BP4-COURSE-OUTLINE.pdf,https://www.eng.mcmaster.ca/civil/courses/,engineering_civil,approved,2025,fall,True,7,2b9a62c14f507f37a30d34396eda3649c85dd64c37ebaec4e26bfb23a6288662,document: fall 2025; matching course code,
CIVENG 4G04,Pavement Materials and Design,CIVENG,https://www.eng.mcmaster.ca//app/uploads/2024/01/CIVENG-4G04-Course-Outline-Fall-2025.pdf,https://www.eng.mcmaster.ca/civil/courses/,engineering_civil,approved,2025,fall,True,8,a2c88c457a13af31aea213203779f1568b196f72431e70144fc6a13db1776d76,filename: fall-2025; matching course code,
CIVENG 4K04,Modern Methods of Structural Analysis,CIVENG,https://www.eng.mcmaster.ca//app/uploads/2024/01/2025-26-4K04-COURSE-OUTLINE.pdf,https://www.eng.mcmaster.ca/civil/courses/,engineering_civil,approved,2025,fall,True,7,1bf4b4859f339086022c6c0127545e8d59e36914b6d49c380b34302ffcd48d14,document: fall 2025; matching course code,
CIVENG 4N04,Steel Structures,CIVENG,https://www.eng.mcmaster.ca//app/uploads/2024/01/4N04-Course-Outline-2025_v2.pdf,https://www.eng.mcmaster.ca/civil/courses/,engineering_civil,approved,2025,fall,True,10,60a82443c1d34a87dbc2bf51032b49d50e3d05c60d3e875f9c1efd34ceef607c,document: fall 2025; matching course code,
CIVENG 4S04,Foundation Engineering,CIVENG,https://www.eng.mcmaster.ca//app/uploads/2024/01/CE-4S04-Course-Outline-Fall-2025.pdf,https://www.eng.mcmaster.ca/civil/courses/,engineering_civil,approved,2025,fall,True,6,5f62ddb3a5dd587bea6b85c1f7517c57e3bd7a6ee41bce10107ba7d233a02c9b,filename: fall-2025; matching course code,
CIVTECH 3GE3,Geotechnical Materials and Analysis,CIVTECH,https://www.eng.mcmaster.ca//app/uploads/2024/01/CIVTECH-3GE3-Fall-2023.pdf,https://www.eng.mcmaster.ca/sept/courses/,engineering_technology,approved,2023,fall,True,5,8c7951bf3760ec497078a005cabeb1a3c461a6bba1a6f5848a6967c14887fc06,filename: fall-2023; matching course code,
CIVTECH 3SA3,Structural Analysis,CIVTECH,https://www.eng.mcmaster.ca//app/uploads/2024/01/CIVTECH-3SA3-Fall-2023.pdf,https://www.eng.mcmaster.ca/sept/courses/,engineering_technology,approved,2023,fall,True,5,93c0d52d1ba74896f16e4d61c7164b270fb771f6bfd03a00940ecff400a63ad1,filename: fall-2023; matching course code,
CIVTECH 4BC3,Building Science,CIVTECH,https://www.eng.mcmaster.ca//app/uploads/2024/01/CIVTECH-4BC3-Winter-2023.pdf,https://www.eng.mcmaster.ca/sept/courses/,engineering_technology,approved,2023,winter,True,5,89b4cf4908e1ed37360054086894f96afc7c505a25410169cdbbdaf532452df8,filename: winter-2023; matching course code,
CIVTECH 4LU3,Advanced Land Use Planning,CIVTECH,https://www.eng.mcmaster.ca//app/uploads/2024/01/CIVTECH-4LU3-Summer-2024.pdf,https://www.eng.mcmaster.ca/sept/courses/,engineering_technology,approved,2024,summer,True,10,a52930329dd95143b3a0be174e22b4e639d0126318b214f67f8a53e0eef3a970,filename: summer-2024; matching course code,
CIVTECH 4RC3,Reinforced Concrete and Masonry Design,CIVTECH,https://www.eng.mcmaster.ca//app/uploads/2024/01/CIVTECH-4RC3-Fall-2023.pdf,https://www.eng.mcmaster.ca/sept/courses/,engineering_technology,approved,2023,fall,True,5,d9c528b145f45c7f026661991b0137cf2176b71591a6acc60ac03c30c944bd17,filename: fall-2023; matching course code,
CIVTECH 4WT3,Municipal and Environmental Engineering,CIVTECH,https://www.eng.mcmaster.ca//app/uploads/2024/01/CIVTECH-4WT3-Fall-2023.pdf,https://www.eng.mcmaster.ca/sept/courses/,engineering_technology,approved,2023,fall,True,5,478f0ca71df7cb43e1723f5f21d9fe1ee8630da525da79c3bf6f0450c302e3b4,filename: fall-2023; matching course code,
COMMERCE 4EL3,Experiential Learning in Business,COMMERCE,https://ug.degroote.mcmaster.ca/wp-content/uploads/sites/91/2023/12/4EL3-Experiential-Learning-Project-Proposal-Outline_v.-Nov-23.pdf,https://ug.degroote.mcmaster.ca/descriptions/4el3/,degroote_commerce,rejected,,,True,2,0e65da24f4b1c3e79d5e50980d17b7446c7e76f0602f66abd51f6f1dec457754,matching course code,non-outline document marker: project proposal outline
COMMERCE 4SY3,Independent Study in Business,COMMERCE,https://ug.degroote.mcmaster.ca/wp-content/uploads/sites/91/2023/12/4SY3-Independent-Study-Project-Proposal-Outline_v.-Nov-23.pdf,https://ug.degroote.mcmaster.ca/descriptions/4sy3/,degroote_commerce,rejected,,,True,3,669c9623b50d2346260a4355acb055bb2465276f7122c35e5fbc21efd2a35244,matching course code,non-outline document marker: project proposal outline
COMPENG 2DI4,Logic Design,COMPENG,https://www.eng.mcmaster.ca//app/uploads/2025/09/COMPENG-2DI4-Course-Outline-2025.pdf,https://www.eng.mcmaster.ca/ece/courses/,engineering_electrical_computer,approved,2025,fall,True,11,9af05ad549f486888fc5523d345a6c463def51f34e11209ecb79a2569bf61745,visual: Course Outline; Academic Year 2025/26; Term Fall,
COMPENG 3DQ5,Digital Systems Design,COMPENG,https://www.eng.mcmaster.ca//app/uploads/2025/09/COMPENG-3DQ5-Course-Outline-2025.pdf,https://www.eng.mcmaster.ca/ece/courses/,engineering_electrical_computer,approved,2025,fall,True,10,a7dd23a54e16ac328f3995860b6f917c7d0acdc9dd4fa7ba6ba5357f15a78625,visual: Course Outline; Academic Year 2025/26; Term Fall,
COMPSCI 4Z03,Directed Readings,COMPSCI,https://www.cas.mcmaster.ca/cas/0files/rsh_prj_frm_perm_cs4z03.pdf,https://www.eng.mcmaster.ca/cas/courses/,engineering_computing_software,rejected,,,True,1,8c6e48acacd26abd4ef96c57b4208489d2ef7bbc59ab2b41c64687f7cf3ada0b,visual: department permission form and computer science proposal,not a published course outline
ELECENG 2CI4,Introduction to Circuit Analysis,ELECENG,https://www.eng.mcmaster.ca//app/uploads/2024/01/EE-2CI4-Course-Outline-2025.pdf,https://www.eng.mcmaster.ca/ece/courses/,engineering_electrical_computer,approved,2025,fall,True,12,b548af2c54c998d258ffff9236004855f7ec277d35332cf11c8749aba6c0a7d8,visual: Course Outline; Academic Year 2025/26; Term Fall,
ELECENG 2MM3,Electrical Circuits and Power,ELECENG,https://www.eng.mcmaster.ca//app/uploads/2024/01/EE_2MM3-Fall-2026.pdf,https://www.eng.mcmaster.ca/ece/courses/,engineering_electrical_computer,approved,2026,fall,True,7,50e7f3b388abd04a1887829b253b8f0cca2f3e39a8e019ac4e16e6147b74794f,filename: fall-2026; matching course code,
ENGPHYS 2CD4,Computational Mechanics: Dynamics,ENGPHYS,https://www.eng.mcmaster.ca//app/uploads/2024/01/EP2CD4-Course-Outline_2026.06.30.pdf,https://www.eng.mcmaster.ca/engphys/courses/,engineering_engineering_physics,approved,2026,winter,True,23,a6a58372f6ec667a08f89d239798ad3b118f67765075698013f2a51abb3b77b3,document: winter 2026; matching course code,
ENGPHYS 2E04,Analog and Digital Circuits,ENGPHYS,https://www.eng.mcmaster.ca//app/uploads/2024/01/ENGPHYS-2E04-Course-Outline-Fall-2026.pdf,https://www.eng.mcmaster.ca/engphys/courses/,engineering_engineering_physics,approved,2026,fall,True,9,656244d88cd7617c91d08b605570966fdae006a9be7546da073019961cb0ca85,filename: fall-2026; matching course code,
ENGPHYS 3BA3,Circuits with Non-Linear and Active Components,ENGPHYS,https://www.eng.mcmaster.ca//app/uploads/2024/01/EP3BA3-CourseOutline-2026-v0.pdf,https://www.eng.mcmaster.ca/engphys/courses/,engineering_engineering_physics,approved,2026,fall,True,9,90c60b70aa2a8b3295d82e563c09b34dc6f2d707e7f5cbec8d6b3cdca4925987,document: fall 2026; matching course code,
ENGPHYS 3ES3,Introduction to Energy Systems,ENGPHYS,https://www.eng.mcmaster.ca//app/uploads/2024/01/Course-Outline-ENG-PHYS-3ES3-Introduction-to-Energy-Systems_v1_UG_EngPhys_August-2025.pdf,https://www.eng.mcmaster.ca/engphys/courses/,engineering_engineering_physics,approved,2025,fall,True,8,650a4eb67ff047cbaed39aadb55eb794f730953e1d9c4f5dfe3f5d582606ad9b,document: fall 2025; matching course code,
ENGPHYS 3SP3,Space Systems Engineering,ENGPHYS,https://www.eng.mcmaster.ca//app/uploads/2024/01/ENGPHYS_3SP3_Course_Outline_UG_EngPhys_Fall_20250909.pdf,https://www.eng.mcmaster.ca/civil/courses/,engineering_civil,approved,2025,fall,True,10,b4e5e4f2d67b4d6d8e86ca7459fba38c6fb1af1c5517af7ed531be25420c28bd,filename: fall_2025; matching course code,
ENGPHYS 3W03,Signals and Systems for Engineering,ENGPHYS,https://www.eng.mcmaster.ca//app/uploads/2024/01/Course-Outline-3W03-2026-Fall.pdf,https://www.eng.mcmaster.ca/engphys/courses/,engineering_engineering_physics,approved,2026,fall,True,8,b0eebfe5b41911b8754ab92be37385245ccde7d72c0696005cea0e9c09425019,filename: 2026-fall; matching course code,
ENGPHYS 4A06A,Engineering Physics Design and Synthesis Project,ENGPHYS,https://www.eng.mcmaster.ca//app/uploads/2024/01/Course-Outline-4A06-2026-2027.pdf,https://www.eng.mcmaster.ca/engphys/courses/,engineering_engineering_physics,approved,2026,fall,True,11,ccf6db41e027a2cf3de19b4f5666eac142bde18190d43734b689dcacfec684b9,document: fall 2026; matching course code,
ENGPHYS 4H04A,Research Project in Engineering Physics,ENGPHYS,https://www.eng.mcmaster.ca//app/uploads/2024/01/Course-Outline-3H04-and-4H04.pdf,https://www.eng.mcmaster.ca/engphys/courses/,engineering_engineering_physics,manual_review,,,False,4,e947fd278b84fe6ac022da9066bb290f5cf7f0cbdd595976c07aa36c1b7831ed,,expected course code not found in filename or first five pages
ENGPHYS 4QC3,Introduction to Quantum Computing,ENGPHYS,https://www.eng.mcmaster.ca//app/uploads/2024/01/Course-Outline-4QC3-Fall-2026.pdf,https://www.eng.mcmaster.ca/engphys/courses/,engineering_engineering_physics,approved,2026,fall,True,7,8cda7b4a745839e912ef5a2e64857cc213d1e1c60cfc00682dec4ac4a73c17e5,filename: fall-2026; matching course code,
ENGPHYS 4Z04,Semiconductor Manufacturing Technology,ENGPHYS,https://www.eng.mcmaster.ca//app/uploads/2024/01/Course-Outline-4Z04-2026.pdf,https://www.eng.mcmaster.ca/engphys/courses/,engineering_engineering_physics,approved,2026,fall,True,8,babf89e461d51b8a6bb8c1a3d3a146b6002d9f0976fe9833fb5458305d3324d6,visual: ENG PHYS 4Z04/6Z04; Fall 2026; Course Outline,
ENGTECH 1CH3,Chemistry,ENGTECH,https://www.eng.mcmaster.ca//app/uploads/2024/01/engtech_1ch3_-_fall_2021_course_outline_template.pdf,https://www.eng.mcmaster.ca/sept/courses/,engineering_technology,approved,2021,fall,True,10,c17ff73cdb81afafbb5c223d52d8009aa89961b13e89e9cf47952819cbe257e9,filename: fall_2021; matching course code,
ENGTECH 1CP3,C++ Programming,ENGTECH,https://www.eng.mcmaster.ca//app/uploads/2024/01/engtech_1cp3_-_summer_2022.pdf,https://www.eng.mcmaster.ca/sept/courses/,engineering_technology,approved,2022,summer,True,5,607e672e92525afca905212610145cb7dee6bcf8faff4cd76c7a70edd1813c00,filename: summer_2022; matching course code,
ENGTECH 1MC3,Mathematics I,ENGTECH,https://www.eng.mcmaster.ca//app/uploads/2024/01/engtech_1mc3_-_summer_2022.pdf,https://www.eng.mcmaster.ca/sept/courses/,engineering_technology,approved,2022,summer,True,7,29dedd2187f753451de89163abe0055948521a40be6e9dcc1f435702ea048c9d,filename: summer_2022; matching course code,
ENGTECH 1PH3,Physics,ENGTECH,https://www.eng.mcmaster.ca//app/uploads/2024/01/engtech_1ph3_-_fall_2022.pdf,https://www.eng.mcmaster.ca/sept/courses/,engineering_technology,approved,2022,fall,True,6,8ecf0bb7304f213772ecc1fa4a9f6150a6636cc899774f38b794dc5400c1b80a,filename: fall_2022; matching course code,
ENGTECH 1PP3,Programming Fundamentals,ENGTECH,https://www.eng.mcmaster.ca//app/uploads/2024/01/engtech_1pp3_fall2021.pdf,https://www.eng.mcmaster.ca/sept/courses/,engineering_technology,approved,2021,fall,True,5,02e9283f6151a0dd5356b9406914919753bdb10d9f83d2a2a18cdf8f67162d9c,filename: fall2021; matching course code,
ENGTECH 2ES3,Engineering Statistics,ENGTECH,https://www.eng.mcmaster.ca//app/uploads/2024/01/engtech_2es3_-_summer_2022.pdf,https://www.eng.mcmaster.ca/sept/courses/,engineering_technology,approved,2022,summer,True,5,42b1c3ce685d3b484decff7fec8dfa2501f156f35fa25ef91bf962f206f289b3,filename: summer_2022; matching course code,
ENGTECH 2MA3,Mathematics III,ENGTECH,https://www.eng.mcmaster.ca//app/uploads/2024/01/ENGTECH-2MA3-Fall-2023.pdf,https://www.eng.mcmaster.ca/sept/courses/,engineering_technology,approved,2023,fall,True,7,ca1f00283098af5ea1d54412345a4944dd84cdd5e8d38f2dedec583125dd520c,filename: fall-2023; matching course code,
ENGTECH 3DM3,Discrete Mathematics,ENGTECH,https://www.eng.mcmaster.ca//app/uploads/2024/01/engtech_3dm3_-_winter_2022.pdf,https://www.eng.mcmaster.ca/sept/courses/,engineering_technology,approved,2022,winter,True,6,0ca99d914d42231070b829ef96d8f8c4d15ef7be600190be9bf18c6881b24c0c,filename: winter_2022; matching course code,
ENGTECH 3ES3,Engineering Statistics,ENGTECH,https://www.eng.mcmaster.ca//app/uploads/2024/01/ENGTECH-3ES3-Fall-2023.pdf,https://www.eng.mcmaster.ca/sept/courses/,engineering_technology,approved,2023,fall,True,5,b858b56b0a57ec0ca5b120de494f313a1a5453af3f601fe7ca3f5707ea9993b5,filename: fall-2023; matching course code,
ENGTECH 3FE3,Finite Element Analysis,ENGTECH,https://www.eng.mcmaster.ca//app/uploads/2024/01/engtech_3fe3-course_outline.pdf,https://www.eng.mcmaster.ca/sept/courses/,engineering_technology,approved,2021,fall,True,5,73d663e5c4f75513307c172c66dc1277435709c229777c25ca9761ac6c12c8a9,document: fall 2021; matching course code,
ENGTECH 3ML3,Strength of Materials,ENGTECH,https://www.eng.mcmaster.ca//app/uploads/2024/01/engtech_3ml3_-_winter_2022.pdf,https://www.eng.mcmaster.ca/sept/courses/,engineering_technology,approved,2022,winter,True,9,ebde0f3e2f0e85e343004c73715cc5e2cacccc6bf0c9af18c2eeaf427eae3cf9,filename: winter_2022; matching course code,
ENGTECH 3SD3,Statics and Dynamics,ENGTECH,https://www.eng.mcmaster.ca//app/uploads/2024/01/engtech_3sd3_-_summer_2022.pdf,https://www.eng.mcmaster.ca/sept/courses/,engineering_technology,approved,2022,summer,True,5,23d1a54598416f79c227b2ad7d00bc9713cfaee157316e2b9f467c4acd1fd04e,filename: summer_2022; matching course code,
ENGTECH 3SP3,Structure and Properties of Materials,ENGTECH,https://www.eng.mcmaster.ca//app/uploads/2024/01/engtech_3sp3_-_summer_2022.pdf,https://www.eng.mcmaster.ca/sept/courses/,engineering_technology,approved,2022,summer,True,5,42dd483cff446bba68af6a2cb3019fd2bfacf8f05c1dcb065c102775deff0ef3,filename: summer_2022; matching course code,
ENGTECH 3ST3,Probability and Statistics,ENGTECH,https://www.eng.mcmaster.ca//app/uploads/2024/01/engtech_3st3_-_summer_2022.pdf,https://www.eng.mcmaster.ca/sept/courses/,engineering_technology,approved,2022,summer,True,5,0ac2f0ad300378f588312372f53049ee0a3416299751e2070721279a5f34a5a3,filename: summer_2022; matching course code,
ENGTECH 3TD3,Thermodynamics,ENGTECH,https://www.eng.mcmaster.ca//app/uploads/2024/01/engtech_3td3_-_summer_2022.pdf,https://www.eng.mcmaster.ca/sept/courses/,engineering_technology,approved,2022,summer,True,6,1f90a2a5761475c312da1d14fa6c4d708916308ddbf802e85b55e7a36acd5bc2,filename: summer_2022; matching course code,
ENGTECH 4AI3,Artificial Intelligence,ENGTECH,https://www.eng.mcmaster.ca//app/uploads/2024/05/ENGTECH-4AI3-C01-Winter-2024.pdf,https://www.eng.mcmaster.ca/sept/courses/,engineering_technology,approved,2024,winter,True,6,51c876b3956f0787675ff33fa135fdc156192c184629b68c7543025c67203dc6,filename: winter-2024; matching course code,
ENGTECH 4CT3,Systems and Control,ENGTECH,https://www.eng.mcmaster.ca//app/uploads/2024/01/engtech_4ct3_-_winter_2022.pdf,https://www.eng.mcmaster.ca/sept/courses/,engineering_technology,approved,2022,winter,True,5,ac0539479c624c563674ab3049e5bf9e5bf6797ee0e15ebf47338b88189adf55,filename: winter_2022; matching course code,
ENGTECH 4FD3,Senior Engineering Project,ENGTECH,https://www.eng.mcmaster.ca//app/uploads/2024/01/engtech_4fd3_-_winter_2022.pdf,https://www.eng.mcmaster.ca/sept/courses/,engineering_technology,approved,2022,winter,True,5,46979a9b18d7e8a35315e5369dc1188e0ba6beb67c5cf9647fd088d7047e8853,filename: winter_2022; matching course code,
ENGTECH 4MA3,Advanced Mathematics,ENGTECH,https://www.eng.mcmaster.ca//app/uploads/2024/01/engtech_4ma3_course_outline_fall_2021.pdf,https://www.eng.mcmaster.ca/sept/courses/,engineering_technology,approved,2021,fall,True,5,a46deed1ed24fd0bc70b7da7988dd3dfa0c7472e93728056372109ea2d997961,filename: fall_2021; matching course code,
ENRTECH 3EP3,Power Systems and Electrical Machines,ENRTECH,https://www.eng.mcmaster.ca//app/uploads/2024/01/ENRTECH-3EP3-Fall-2023.pdf,https://www.eng.mcmaster.ca/sept/courses/,engineering_technology,approved,2023,fall,True,6,eb4339cc7e416685af218eb4309fe29f35b6809b9c2945f7f9b9cea659b7c0b9,filename: fall-2023; matching course code,
ENRTECH 3MI3,Measurements and Instrumentation,ENRTECH,https://www.eng.mcmaster.ca//app/uploads/2024/01/ENRTECH-3MI3-Fall-2023.pdf,https://www.eng.mcmaster.ca/sept/courses/,engineering_technology,approved,2023,fall,True,6,98936227641e6975ace2201d0e6f3bd25d234a124a01df851d3d03e7c124a444,filename: fall-2023; matching course code,
ENRTECH 4CA3,Computer Applications in Power System Engineering,ENRTECH,https://www.eng.mcmaster.ca//app/uploads/2024/01/ENRTECH-4CA3-Fall-2023.pdf,https://www.eng.mcmaster.ca/sept/courses/,engineering_technology,approved,2023,fall,True,7,82c5d0e6374a0159c7db21d7303ae85b2a9b454ecbb77ed08870b47b13036663,filename: fall-2023; matching course code,
ENRTECH 4PD3,Power System Analysis and Control,ENRTECH,https://www.eng.mcmaster.ca//app/uploads/2024/01/ENRTECH-4PD3-Fall-2023.pdf,https://www.eng.mcmaster.ca/sept/courses/,engineering_technology,approved,2023,fall,True,6,17827a9455011c12da6bc4cb33b784927648d10ebcb7e264572d9b554f20d2bd,filename: fall-2023; matching course code,
ENRTECH 4PM3,Power Protection and Maintenance I,ENRTECH,https://www.eng.mcmaster.ca//app/uploads/2024/01/ENRTECH-4PM3-Fall-2023-2.pdf,https://www.eng.mcmaster.ca/sept/courses/,engineering_technology,approved,2023,fall,True,6,796cd120fede98ddef659dc117879d6395c8bd923e71ae2c866429e087b2c8cb,filename: fall-2023; matching course code,
ENRTECH 4RG3,Renewable Generation,ENRTECH,https://www.eng.mcmaster.ca//app/uploads/2024/01/ENRTECH-4RG3-Fall-2023.pdf,https://www.eng.mcmaster.ca/sept/courses/,engineering_technology,approved,2023,fall,True,6,572803e1c8ed6a0d999ecaeed9fda05963b5548bd3f98dfff2caae99a0f661e2,filename: fall-2023; matching course code,
GENTECH 1PC3,Professional Communications,GENTECH,https://www.eng.mcmaster.ca//app/uploads/2024/01/GENTECH-1PC3-Fall-2023.pdf,https://www.eng.mcmaster.ca/sept/courses/,engineering_technology,approved,2023,fall,True,10,e1ba191273e7de911f423f7bf4e3a50fa20c401c40e42a449e0a124d3bfe4fb9,visual: GENTECH 1PC3; Fall 2023; complete course information,
GENTECH 2MP3,Management Principles,GENTECH,https://www.eng.mcmaster.ca//app/uploads/2024/01/GENTECH-2MP3-Fall-2023.pdf,https://www.eng.mcmaster.ca/sept/courses/,engineering_technology,approved,2023,fall,True,10,18891d500790d6092677a92c10f854252cf442c7703f3884386eff12220c5e3d,filename: fall-2023; matching course code,
GENTECH 3EE3,Engineering Economics,GENTECH,https://www.eng.mcmaster.ca//app/uploads/2024/01/GENTECH-3EE3-Winter-2024.pdf,https://www.eng.mcmaster.ca/sept/courses/,engineering_technology,approved,2024,winter,True,6,68a5fcc4b6c9f8ce2d4edb6ad80e82a377f84a6fadeccf333ace8a0ee97f4fb5,filename: winter-2024; matching course code,
GENTECH 3FF3,Financial Systems,GENTECH,https://www.eng.mcmaster.ca//app/uploads/2024/01/GENTECH-3FF3-Fall-2023.pdf,https://www.eng.mcmaster.ca/sept/courses/,engineering_technology,approved,2023,fall,True,9,4743cd4f3998308f54611c7e63261e60d742475aa91a532fcacff4f642981e20,filename: fall-2023; matching course code,
GENTECH 3FS3,Financial Systems,GENTECH,https://www.eng.mcmaster.ca//app/uploads/2024/01/GENTECH-3FS3-Winter-2024.pdf,https://www.eng.mcmaster.ca/sept/courses/,engineering_technology,approved,2024,winter,True,8,a66400832a5d1d21ebf95abfd87418053fc04c605e273f7df68279a01ffdae79,filename: winter-2024; matching course code,
GENTECH 3LS3,Quality Control and Assurance Methods,GENTECH,https://www.eng.mcmaster.ca//app/uploads/2024/06/GENTECH-3LS3-Fall-2023.pdf,https://www.eng.mcmaster.ca/sept/courses/,engineering_technology,approved,2023,fall,True,5,26d7021bc3fa0c2363dec52ce97069ac5c62555c8a5d700e3f146ab1aee490ff,filename: fall-2023; matching course code,
GENTECH 3MB3,Fundamentals of Marketing,GENTECH,https://www.eng.mcmaster.ca//app/uploads/2024/01/GENTECH-3MB3-Fall-2023.pdf,https://www.eng.mcmaster.ca/sept/courses/,engineering_technology,approved,2023,fall,True,14,877cafc2e6fd4f251159386d878e70381b86671805e7b47b3df40b530bbcf4e0,filename: fall-2023; matching course code,
GENTECH 3MP3,Management Principles,GENTECH,https://www.eng.mcmaster.ca//app/uploads/2024/01/GENTECH-3MP3-C01-Winter.pdf,https://www.eng.mcmaster.ca/sept/courses/,engineering_technology,approved,2024,winter,True,7,1795b83cdbc80b9658eb8ad4f5363ddc08064b957ba8d6c3969a661631504e8d,document: winter 2024; matching course code,
GENTECH 3MT3,Project Management,GENTECH,https://www.eng.mcmaster.ca//app/uploads/2024/01/GENTECH-3MT3-Fall-2023.pdf,https://www.eng.mcmaster.ca/sept/courses/,engineering_technology,approved,2023,fall,True,9,0587b948d19ad2be28c255685526771b6e523e3a3081e9cd698c177446c06a01,filename: fall-2023; matching course code,
GENTECH 4EM3,Legal and Regulatory Issues,GENTECH,https://www.eng.mcmaster.ca//app/uploads/2024/01/GENTECH-4EM3-Winter-2024.pdf,https://www.eng.mcmaster.ca/sept/courses/,engineering_technology,approved,2024,winter,True,12,766a60854ceb5eca2b69ef796af511f2c3e7733313619c9d537c0ee3991bae97,filename: winter-2024; matching course code,
GENTECH 4EN3,Entrepreneurial Thinking and Innovation,GENTECH,https://www.eng.mcmaster.ca//app/uploads/2024/01/GENTECH-SFGNTECH-4EN3-Fall-2023.pdf,https://www.eng.mcmaster.ca/sept/courses/,engineering_technology,approved,2023,fall,True,8,1753043932714b907f54981c87d7572e01a1077a7fe4833c92b388e681dce7cb,filename: fall-2023; matching course code,
GENTECH 4FT3,Strategic Management,GENTECH,https://www.eng.mcmaster.ca//app/uploads/2024/01/GENTECH-4FT3-Fall-2023.pdf,https://www.eng.mcmaster.ca/sept/courses/,engineering_technology,approved,2023,fall,True,11,aab5068a35370b9617ccdc19c6750bc305fc56d88889ac4fd73a82f407afe767,filename: fall-2023; matching course code,
GENTECH 4PM3,Project Management,GENTECH,https://www.eng.mcmaster.ca//app/uploads/2024/01/GENTECH_SFGNTECH-4PM3-C01-Winter-2024.pdf,https://www.eng.mcmaster.ca/sept/courses/,engineering_technology,approved,2024,winter,True,11,6218bb2c6219a413286eb312d95d2305e1ac1c48fccfa1be0739d9a8967e0ea9,filename: winter-2024; matching course code,
GENTECH 4SE3,Technology Ethics and Sustainability,GENTECH,https://www.eng.mcmaster.ca//app/uploads/2024/01/GENTECH-SFGNTECH-4SE3-Winter-2024-Wednesday.pdf,https://www.eng.mcmaster.ca/sept/courses/,engineering_technology,approved,2024,winter,True,5,d1962a4238d1c9924eb2499ef77e6ac2ce1629abfe4c3a21d7837548084eefe7,filename: winter-2024; matching course code,
GENTECH 4TC3,Technical Communications,GENTECH,https://www.eng.mcmaster.ca//app/uploads/2024/01/GENTECH-SFGNTECH-4TC3-Fall-2023.pdf,https://www.eng.mcmaster.ca/sept/courses/,engineering_technology,approved,2023,fall,True,9,cc935ab1da0883cd39b650fe5dc9a4da86a3de1a607c74be35e134f697f567a6,filename: fall-2023; matching course code,
GENTECH 4TE3,Technology Ethics and Sustainability,GENTECH,https://www.eng.mcmaster.ca//app/uploads/2024/01/GENTECH-4TE3-Fall-2023.pdf,https://www.eng.mcmaster.ca/sept/courses/,engineering_technology,approved,2023,fall,True,5,47b9977b885f4a916d57034cf2d4a22f2a033c0cd17d24a7dfd5531c08373be4,filename: fall-2023; matching course code,
IBEHS 1P10A,Health Solutions Design Projects I: Introduction to Engineering Fundamentals and Design,IBEHS,https://www.eng.mcmaster.ca//app/uploads/2024/01/1a-1P10-Course-Outline-2025-26-for-posting.pdf,https://www.eng.mcmaster.ca/ibiomed/courses/,engineering_ibiomed,approved,2025,winter,True,12,227af8ff8088019e444575779b8708905b108634874b9f3d6fcdfa376d07c380,document: winter 2025; matching course code,
IBEHS 2EH3,Innovating Care: Navigating Canada's Healthcare System,IBEHS,https://www.eng.mcmaster.ca//app/uploads/2026/08/IBEHS-2EH3-Innovating-Care-Navigating-Canadas-Healthcare-System-Course-Outline-Fall-2026.pdf,https://www.eng.mcmaster.ca/ibiomed/courses/,engineering_ibiomed,approved,2026,fall,True,6,fc9de3d5f3c9d86c4f3602f515857cbda8d122a1723185ab3018dcabb5022fe2,filename: fall-2026; matching course code,
IBEHS 2PA2,Health Solutions Design Projects II-A: Lab Skills in Genetic Engineering,IBEHS,https://www.eng.mcmaster.ca//app/uploads/2024/01/IBEHS-2PA2-Course-Outline-2025.pdf,https://www.eng.mcmaster.ca/ibiomed/courses/,engineering_ibiomed,approved,2025,fall,True,11,d54990de90775f4cb68e0b70af60d70269779e15f74e07a03209e5b175351025,document: fall 2025; matching course code,
IBEHS 3A03,Biomedical Signals and Systems,IBEHS,https://www.eng.mcmaster.ca//app/uploads/2024/01/IBEHS3A03_2025_Course_Outline-1.pdf,https://www.eng.mcmaster.ca/ibiomed/courses/,engineering_ibiomed,approved,2025,fall,True,11,d3508536c3ea762229af0ee2e93f05e1fae808d04b42c11cc238d2986554d237,document: fall 2025; matching course code,
IBEHS 3E03,Fundamentals of Business Strategy,IBEHS,https://www.eng.mcmaster.ca//app/uploads/2024/01/IBEHS-3E03-Fall-2025.pdf,https://www.eng.mcmaster.ca/ibiomed/courses/,engineering_ibiomed,approved,2025,fall,True,11,8aaa30a273317b283c347140e86a6b3fa8b5f5b1fd8c6bdab901c7c349a6e4e7,filename: fall-2025; matching course code,
IBEHS 3H03,Research Project,IBEHS,https://www.eng.mcmaster.ca//app/uploads/2026/07/2026-27-IBEHS-3H03-3I06-4H03-Course-Outline.pdf,https://www.eng.mcmaster.ca/ibiomed/courses/,engineering_ibiomed,manual_review,,,True,12,424b6696c989c4aaabd8a0f5480210cd7cf086d91d80a520b74200971b4ef780,matching course code,academic year or term could not be verified
IBEHS 3S03,Statistical Methods in Biomedical Engineering,IBEHS,https://www.eng.mcmaster.ca//app/uploads/2024/03/iBioMed-Course-Outline-Template-AODA-compliant_3S03_Winter2026.pdf,https://www.eng.mcmaster.ca/ibiomed/courses/,engineering_ibiomed,approved,2026,winter,True,7,6d3b0e407551e3f800a99312de18079f5a858c85f706301ae575d0e7df370562,filename: winter2026; matching course code,
IBEHS 4E09A,"Health, Engineering Science and Entrepreneurship Thesis",IBEHS,https://www.eng.mcmaster.ca//app/uploads/2024/08/Early-Assessment-Form-V2.pdf,https://www.eng.mcmaster.ca/ibiomed/courses/,engineering_ibiomed,rejected,,,False,1,4a59062f915bdc160e46c1c263c369ce4ab01944d57785ef159e6789ee67f096,,non-outline document marker: early assessment form
IBEHS 4H03,Research Project,IBEHS,https://www.eng.mcmaster.ca//app/uploads/2026/07/2026-27-IBEHS-3H03-3I06-4H03-Course-Outline.pdf,https://www.eng.mcmaster.ca/ibiomed/courses/,engineering_ibiomed,manual_review,,,True,12,424b6696c989c4aaabd8a0f5480210cd7cf086d91d80a520b74200971b4ef780,matching course code,academic year or term could not be verified
IBEHS 4M03,Biomaterials and Tissue Engineering,IBEHS,https://www.eng.mcmaster.ca//app/uploads/2024/03/IBEHS-4M03-Course-Syllabus-2025.pdf,https://www.eng.mcmaster.ca/ibiomed/courses/,engineering_ibiomed,approved,2025,fall,True,8,a654191232fc779b55c1d1f62e92f652da4dd67d410f6581e71c38669ed4424c,document: 2025 fall; matching course code,
IBEHS 4P03,Health Solutions Design Projects IV: Decision Making and Project Management,IBEHS,https://www.eng.mcmaster.ca//app/uploads/2024/01/IBEHS-4P03-Course-Outline-Fall-2025.pdf,https://www.eng.mcmaster.ca/ibiomed/courses/,engineering_ibiomed,approved,2025,fall,True,12,28d18b704754efaf1d0e546859a769bf33bc92e974a46ccdd8b773ab853a0afa,filename: fall-2025; matching course code,
IBEHS 5P06A,Biomedical Capstone Design Project,IBEHS,https://www.eng.mcmaster.ca//app/uploads/2024/01/1-IBEHS-5P06-Course-Outline-2025.pdf,https://www.eng.mcmaster.ca/ibiomed/courses/,engineering_ibiomed,approved,2025,fall,True,12,c8543b8ae6027e037a2040ca92612d604675abef420919c6bd9e06b89c98f924,visual: IBEHS 5P06A/B; Fall/Winter Terms 2025-26; A component begins Fall,
MANTECH 3MF3,Micro Manufacturing and Fabrication,MANTECH,https://www.eng.mcmaster.ca//app/uploads/2024/01/mech_eng_3c03_mantech_3mf3_course_outline_w2020.pdf,https://www.eng.mcmaster.ca/sept/courses/,engineering_technology,approved,2020,winter,True,5,af33c6244d9a15b9d8de63d18f39a2a96531c9b2e5e6fd77491120d82599adef,filename: w2020; matching course code,
MANTECH 4MM3,Design and Manufacturing of Machine Elements,MANTECH,https://www.eng.mcmaster.ca//app/uploads/2024/01/mantech_4mm3_fall_2021_course_outline_final.pdf,https://www.eng.mcmaster.ca/sept/courses/,engineering_technology,approved,2021,fall,True,8,6effa06ee3519b23b63b2f507ccf056a8d687a81954d3b7c5d81f5d9208618af,filename: fall_2021; matching course code,
MANTECH 4PM3,Production Management,MANTECH,https://www.eng.mcmaster.ca//app/uploads/2024/01/mantech_4pm3_fall_2021.pdf,https://www.eng.mcmaster.ca/sept/courses/,engineering_technology,approved,2021,fall,True,5,e5f1bd249514645d7e02eec0aaebed134ea905048e733680526c3278fb29fb4a,filename: fall_2021; matching course code,
MATH 2Z03,Engineering Mathematics III,MATH,https://www.eng.mcmaster.ca//app/uploads/2024/01/Course-Outline-Winter-2025.pdf,https://www.eng.mcmaster.ca/engphys/courses/,engineering_engineering_physics,approved,2025,winter,True,7,57cff2f9b95b4528c9bf29dbf4cc9a31186fbf04418a7d57665f18f1af4ccda1,filename: winter-2025; matching course code,
MATLS 4B03,Biomaterials and Tissue Engineering,MATLS,https://www.eng.mcmaster.ca//app/uploads/2026/08/MATLS-4B03-Course-Syllabus-2026-2.pdf,https://www.eng.mcmaster.ca/materials/courses/,engineering_materials,approved,2026,fall,True,8,85518ff9a0e95aa1418ded08792ff065b24158850d2ac140cf571c95a848606b,document: 2026 fall; matching course code,
MECHENG 4AI3,Applied Artificial Intelligence,MECHENG,https://www.eng.mcmaster.ca//app/uploads/2024/08/Course-Outline-2024-2025-ME-4AI3-AHMED.pdf,https://www.eng.mcmaster.ca/mech/courses/,engineering_mechanical,approved,2024,fall,True,6,08785339779d92066088d47a232691c29c929278ce8752d3a403d4660ece62f5,document: fall 2024; matching course code,
MECHTRON 4RP3,Research Project,MECHTRON,https://www.cas.mcmaster.ca/cas/0files/rsh_prj_frm_perm_mt4rp3.pdf,https://www.eng.mcmaster.ca/cas/courses/,engineering_computing_software,rejected,,,True,1,907a36694f13cba7e85624a17b378e22a768ebcc82ffec867e133f1b7c3ec01b,visual: department permission form and mechatronics proposal,not a published course outline
NUCENG 4P03,Nuclear Power Plant Systems and Operation,NUCENG,https://www.eng.mcmaster.ca//app/uploads/2024/01/Course-Outline-NUCENG4P03_EP6P03.pdf,https://www.eng.mcmaster.ca/engphys/courses/,engineering_engineering_physics,rejected,,,False,0,,network: official URL returns HTTP 404,dead source URL
PROCTECH 2CA3,CAD for Design,PROCTECH,https://www.eng.mcmaster.ca//app/uploads/2024/01/PROCTECH-2CA3-Fall-2023.pdf,https://www.eng.mcmaster.ca/sept/courses/,engineering_technology,approved,2023,fall,True,6,2765ffc711fa2c8787ae6a405116ba229c3f7cca68ce3189083e51e28fff283d,filename: fall-2023; matching course code,
PROCTECH 2CE3,Chemical Engineering I: Mass Balance,PROCTECH,https://www.eng.mcmaster.ca//app/uploads/2024/01/PROCTECH-2CE3-Fall-2023.pdf,https://www.eng.mcmaster.ca/sept/courses/,engineering_technology,approved,2023,fall,True,6,421e42f0a34cd218eb4593c385121d045dd4875cc8d14254827d8ac3031d2f83,filename: fall-2023; matching course code,
PROCTECH 2EE3,Electronic Devices and Circuits,PROCTECH,https://www.eng.mcmaster.ca//app/uploads/2024/01/PROCTECH-2EE3-Fall-2023.pdf,https://www.eng.mcmaster.ca/sept/courses/,engineering_technology,approved,2023,fall,True,14,59ac107ba0f913bd1e9604f8dbd2702dd382d94510a24d4df89f57bb8baf1a55,visual: PROCTECH 2EE3; Fall 2023; full course information,
PROCTECH 2IC3,Instrumentation and Control,PROCTECH,https://www.eng.mcmaster.ca//app/uploads/2024/01/PROCTECH-2IC3-Fall-2023.pdf,https://www.eng.mcmaster.ca/sept/courses/,engineering_technology,approved,2023,fall,True,7,11fbf115e36ef02510b8efe0af2e679004d043c296dd46c5f35539263e376c49,filename: fall-2023; matching course code,
PROCTECH 3CE3,Chemical Engineering III: Unit and Process Design,PROCTECH,https://www.eng.mcmaster.ca//app/uploads/2024/01/PROCTECH-3CE3-Fall-2023.pdf,https://www.eng.mcmaster.ca/sept/courses/,engineering_technology,approved,2023,fall,True,12,c183e86ef3d813f7e6b2f751fb93126783051c6e37c19e00ffb8ceafd0313188,visual: PROCTECH 3CE3; Fall 2023; full course information,
PROCTECH 3MC3,Motion Control and Robotics,PROCTECH,https://www.eng.mcmaster.ca//app/uploads/2024/01/PROCTECH-3MC3-Fall-2023.pdf,https://www.eng.mcmaster.ca/sept/courses/,engineering_technology,approved,2023,fall,True,6,c928cd71ad6d500ee31ebadae3473e31648c135118459bb40f3099daf2102584,filename: fall-2023; matching course code,
PROCTECH 3PL3,Advanced PLC Programming and Control,PROCTECH,https://www.eng.mcmaster.ca//app/uploads/2024/01/PROCTECH-3PL3-Fall-2023.pdf,https://www.eng.mcmaster.ca/sept/courses/,engineering_technology,approved,2023,fall,True,9,b0ab2ef19a7058b44bed3e8f3bd574bc4e7111d9f1d8a27835489a2d19340eea,visual: PROCTECH 3PL3; Fall 2023; full course information,
PROCTECH 4AS3,Industrial Systems Integration and Artificial Intelligence,PROCTECH,https://www.eng.mcmaster.ca//app/uploads/2024/01/PROCTECH-4AS3-Fall-2023.pdf,https://www.eng.mcmaster.ca/sept/courses/,engineering_technology,approved,2023,fall,True,7,f5db95c26dbda5bcfe5494322d6a9cfe960f366107269915484edfef25b78b17,filename: fall-2023; matching course code,
PROCTECH 4MH3,Machine Health and Remote Monitoring,PROCTECH,https://www.eng.mcmaster.ca//app/uploads/2024/01/PROCTECH-4MH3-Fall-2023.pdf,https://www.eng.mcmaster.ca/sept/courses/,engineering_technology,approved,2023,fall,True,6,2c45a7696dc05a92af4ad12fb3e79f6e7540ea3d9cc1f2508628eec43082135e,filename: fall-2023; matching course code,
PROCTECH 4MS3,Manufacturing Technologies,PROCTECH,https://www.eng.mcmaster.ca//app/uploads/2024/01/PROCTECH-4MS3-Fall-2023.pdf,https://www.eng.mcmaster.ca/sept/courses/,engineering_technology,approved,2023,fall,True,5,abeffa645cb755a72434b31ded4dbc9e8ddf44c1b4d96a423e43a45b4aa91981,filename: fall-2023; matching course code,
PROCTECH 4SS3,System Specification and Design,PROCTECH,https://www.eng.mcmaster.ca//app/uploads/2024/01/PROCTECH-4SS3-Fall-2023.pdf,https://www.eng.mcmaster.ca/sept/courses/,engineering_technology,approved,2023,fall,True,12,ee47ce92805fa7f524b0ad16a2487cfbac64f12f518bddfd5d9a36b4cddb47c4,visual: PROCTECH 4SS3; Fall 2023; full course information,
PROCTECH 4TR3,Capstone Design Project II,PROCTECH,https://www.eng.mcmaster.ca//app/uploads/2024/01/PROCTECH-4TR3-Fall-2023-Kostas.pdf,https://www.eng.mcmaster.ca/sept/courses/,engineering_technology,approved,2023,fall,True,11,3ce53bdc90772d92c554a01684c5f4077735112d26ac2ba261da980dc8a0f634,visual: PROCTECH 4TR3; Fall 2023; full course information,
SFWRENG 4RP3,Research Project,SFWRENG,https://www.cas.mcmaster.ca/cas/0files/rsh_prj_frm_perm_se4rp3.pdf,https://www.eng.mcmaster.ca/cas/courses/,engineering_computing_software,rejected,,,False,1,a0c9e38996a5dd2f0a91d86c68fddfbe81c0b186df2662f49e77d2a107bab52d,visual: department permission form and software engineering proposal,not a published course outline
SFWRTECH 3CS3,Introduction to Cyber Security,SFWRTECH,https://www.eng.mcmaster.ca//app/uploads/2024/01/sfwrtech_3cs3_-_summer_2022.pdf,https://www.eng.mcmaster.ca/sept/courses/,engineering_technology,approved,2022,summer,True,5,e2161615dcc6af3f06cac1bb138ad8ca52bdf8d6719b7a6c7098d5a4d5644cac,filename: summer_2022; matching course code,
SFWRTECH 3IT3,Fundamentals of Networking,SFWRTECH,https://www.eng.mcmaster.ca//app/uploads/2024/01/sfwrtech_3it3_-_summer_2022.pdf,https://www.eng.mcmaster.ca/sept/courses/,engineering_technology,approved,2022,summer,True,5,0dcac4c968a4cf9a3f746ac61e83a45b5b5309e4f62158c462098f4f7cfde85b,filename: summer_2022; matching course code,
SFWRTECH 3OS3,Operating Systems,SFWRTECH,https://www.eng.mcmaster.ca//app/uploads/2024/01/sfwrtech_3os3_-_fall_2021_0.pdf,https://www.eng.mcmaster.ca/sept/courses/,engineering_technology,approved,2021,fall,True,7,ea8eb2121bbcb63506dcff6854a2e51dbe9910aad61c1efd71af8f78c21c8da7,filename: fall_2021; matching course code,
SFWRTECH 3PR3,Procedural and Object Oriented Programming Concepts,SFWRTECH,https://www.eng.mcmaster.ca//app/uploads/2024/01/sfwrtech_3pr3_-_winter_2022.pdf,https://www.eng.mcmaster.ca/sept/courses/,engineering_technology,approved,2022,winter,True,5,698b5517dc4d61ebce1711839272ceb10cac63247ee99b7fc5ca8473264a2dc4,filename: winter_2022; matching course code,
SFWRTECH 3RQ3,Software Requirements and Specification,SFWRTECH,https://www.eng.mcmaster.ca//app/uploads/2024/01/sfwrtech_3rq3_-_winter_2022.pdf,https://www.eng.mcmaster.ca/sept/courses/,engineering_technology,approved,2022,winter,True,5,133588bed75f25d2a449f0ca9dc671ce98d4565b61ab7dfd9ef19130ab1586ea,filename: winter_2022; matching course code,
SFWRTECH 4AI3,Artificial Intelligence,SFWRTECH,https://www.eng.mcmaster.ca//app/uploads/2024/01/sfwrtech_4ai3_-_winter_2022.pdf,https://www.eng.mcmaster.ca/sept/courses/,engineering_technology,approved,2022,winter,True,5,821d32d9bd2a5022e96ec25d2c4add2655b15f94d0bac848b75d5ba63dfcc337,filename: winter_2022; matching course code,
SFWRTECH 4CC3,Parallel Programming,SFWRTECH,https://www.eng.mcmaster.ca//app/uploads/2024/01/sfwrtech_4cc3_fall_2021_course_outline.pdf,https://www.eng.mcmaster.ca/sept/courses/,engineering_technology,approved,2021,fall,True,5,31258ad46e6a4565eeba49709db612481d529156244a40e4413115df07137c41,filename: fall_2021; matching course code,
SFWRTECH 4DS3,Data Structures and Algorithms,SFWRTECH,https://www.eng.mcmaster.ca//app/uploads/2024/01/sfwrtech_4ds3_-_summer_2022.pdf,https://www.eng.mcmaster.ca/sept/courses/,engineering_technology,approved,2022,summer,True,5,4fae88e09121dbacda58f27d9c61af5746970c630bbb343d3eadf48a52976209,filename: summer_2022; matching course code,
SFWRTECH 4ES3,Real-Time Systems,SFWRTECH,https://www.eng.mcmaster.ca//app/uploads/2024/01/sfwrtech_4es3_-_winter_2022.pdf,https://www.eng.mcmaster.ca/sept/courses/,engineering_technology,approved,2022,winter,True,5,e00272155d88727c59d1b4ab66669cbeafca6eed31cd7a9e815abadc3f9ed319,filename: winter_2022; matching course code,
SFWRTECH 4MA3,Numerical Linear Algebra and Numerical Optimization,SFWRTECH,https://www.eng.mcmaster.ca//app/uploads/2024/01/sfwrtech_4ma3_-_winter_2022.pdf,https://www.eng.mcmaster.ca/sept/courses/,engineering_technology,approved,2022,winter,True,5,c388f325553c6dc6d4fdec4f56496ee74f57a094c06de04380766584eea81423,filename: winter_2022; matching course code,
SFWRTECH 4NN3,Neural Networks and Deep Learning,SFWRTECH,https://www.eng.mcmaster.ca//app/uploads/2024/01/sfwrtech_4nn3_fall_2021_course_outline-1.pdf,https://www.eng.mcmaster.ca/sept/courses/,engineering_technology,approved,2021,fall,True,5,41f18ea14dab7f88f40bbe643aa5ada146c89aefb0b71e5e47a2654a17ac7434,filename: fall_2021; matching course code,
SFWRTECH 4NS3,Advanced Network Security,SFWRTECH,https://www.eng.mcmaster.ca//app/uploads/2024/01/sfwrtech_4ns3_-_summer_2022-1.pdf,https://www.eng.mcmaster.ca/sept/courses/,engineering_technology,approved,2022,summer,True,5,360c41cc653b94217a0a92269820c6a489813c0e1d3a2e61f86b597b3a2a5a72,filename: summer_2022; matching course code,
SFWRTECH 4SA3,Software Architecture,SFWRTECH,https://www.eng.mcmaster.ca//app/uploads/2024/01/sfwrtech_4sa3_-_summer_2022-1.pdf,https://www.eng.mcmaster.ca/sept/courses/,engineering_technology,approved,2022,summer,True,5,d5dba79577161524c29adf24b204a9a4c0f20429628c79b9ae69b416229d20d6,filename: summer_2022; matching course code,
SMRTTECH 3DE3,Digital Electronics,SMRTTECH,https://www.eng.mcmaster.ca//app/uploads/2024/01/SMARTTECH-3DE3-Fall-2023.pdf,https://www.eng.mcmaster.ca/sept/courses/,engineering_technology,approved,2023,fall,True,6,b91166780c3a1657ca82c850aa9b4126f1a5c825a5ad0a1f7a496cf0f64c406b,filename: fall-2023; matching course code,
SMRTTECH 4AI3,Artificial Intelligence and Machine Learning,SMRTTECH,https://www.eng.mcmaster.ca//app/uploads/2024/01/SMRTTECH-4AI3-Fall-2023.pdf,https://www.eng.mcmaster.ca/sept/courses/,engineering_technology,approved,2023,fall,True,5,05157e96f5963361bc8f19356d8c1715c7b100541858c7fe6f8f6268b1b83f30,filename: fall-2023; matching course code,
SMRTTECH 4SC3,Smart Cities and Communities,SMRTTECH,https://www.eng.mcmaster.ca//app/uploads/2024/01/SMRTTECH-4SC3-Fall-2023.pdf,https://www.eng.mcmaster.ca/sept/courses/,engineering_technology,approved,2023,fall,True,5,5332fcc115e7a70d58542effc2e7fd6d0663cd5d366cd98ffc49d580fe033e54,filename: fall-2023; matching course code,
