course_code,course_title,department
ABLD 3CD3,Topics in the Black Caribbean and its Diasporas,ABLD
ANTHROP 1AA3,"Introduction to Anthropology: Sex, Food and Death",ANTHROP
ANTHROP 1AB3,"Introduction to Anthropology: Race, Religion, and Social Justice",ANTHROP
ANTHROP 2DA3,Traditional Indigenous Ecological Knowledge,ANTHROP
ANTHROP 2E03,Introduction to Biological Anthropology,ANTHROP
ANTHROP 2EE3,Sport and/as Religion,ANTHROP
ANTHROP 2F03,Introduction to Sociocultural Anthropology,ANTHROP
ANTHROP 2FF3,Human Skeletal Biology and Bioarchaeology,ANTHROP
ANTHROP 2HI3,Medical Anthropology,ANTHROP
ANTHROP 2PA3,Introduction to Anthropological Archaeology,ANTHROP
ANTHROP 2PC3,"Aliens, Curses and Nazis: Archaeology and Hollywood",ANTHROP
ANTHROP 2R03,"Religion, Magic and Witchcraft",ANTHROP
ANTHROP 3AR3,Culture and Religion,ANTHROP
ANTHROP 3CA3,Ceramic Analysis,ANTHROP
ANTHROP 3CF3,"Climate Change, Changing Foodways and Politics",ANTHROP
ANTHROP 3HD3,Children's Health and Development,ANTHROP
ANTHROP 3HH3,"Think Globally, Act Locally: Globalization, Social Justice and Human Rights",ANTHROP
ANTHROP 3IS3,Independent Study in Anthropology,ANTHROP
ANTHROP 3LD3,Learning from the Dead,ANTHROP
ANTHROP 3PD3,Anthropological Perspectives and Debates,ANTHROP
ANTHROP 4CP3,Cultural Politics of Food and Eating,ANTHROP
ANTHROP 4G03,Independent Research I,ANTHROP
ANTHROP 4GG3,Independent Research II,ANTHROP
ANTHROP 4HF3,Archaeology of Hunter-Fisher-Gatherers,ANTHROP
ANTHROP 4J03,Advanced Topics in Biological Anthropology I,ANTHROP
ANTHROP 4S03,The Anthropology of Infectious Disease,ANTHROP
ARABIC 2AA3,Introduction to Modern Standard Arabic,ARABIC
ARTSSCI 1A03,Practices of Knowledge,ARTSSCI
ARTSSCI 1B03,Writing,ARTSSCI
ARTSSCI 1C06A,Global Challenges Inquiry,ARTSSCI
ARTSSCI 1D06A,Calculus,ARTSSCI
ARTSSCI 2A06A,Social and Political Thought,ARTSSCI
ARTSSCI 2D06A,Physics,ARTSSCI
ARTSSCI 2E03,Economics: Principles and Policy,ARTSSCI
ARTSSCI 3BB3,Technology and Society II,ARTSSCI
ARTSSCI 3CL3,"Theatre, Self, and Social Development",ARTSSCI
ARTSSCI 3F03,Experiential Project in Teaching and Learning,ARTSSCI
ARTSSCI 3RL3,Religion and Law,ARTSSCI
ARTSSCI 3S03,The East Asian Religious Tradition,ARTSSCI
ARTSSCI 3TR3,Trees and Their Histories,ARTSSCI
ARTSSCI 3X03,Individual Study,ARTSSCI
ARTSSCI 4A06A,Individual Study,ARTSSCI
ARTSSCI 4A09A,Individual Study,ARTSSCI
ARTSSCI 4C06A,Thesis,ARTSSCI
ARTSSCI 4C09A,Thesis,ARTSSCI
ARTSSCI 4CD3,Research and Creative Writing,ARTSSCI
ARTSSCI 4CT3,Medical Humanities Inquiry,ARTSSCI
ARTSSCI 4GH3,Global Health Inquiry,ARTSSCI
ARTSSCI 4GS3,Theories from the Global South,ARTSSCI
ARTSSCI 4MN1,Local Explorations,ARTSSCI
ARTSSCI 4QT3,"Queering the Arts, Queering the Sciences",ARTSSCI
ASTRON 1F03,Introduction to Astronomy and Astrophysics,ASTRON
ASTRON 2A03,Perspectives on Indigenous and Eurocentric Astronomy,ASTRON
ASTRON 2B03,The Big Questions,ASTRON
ASTRON 3Y03,Stellar Structure,ASTRON
ASTRON 5X03S,Graduate Topics in Astrophysics,ASTRON
AUTOTECH 2AE3,Design of Machine Elements,AUTOTECH
AUTOTECH 2CD3,Computer Aided Design,AUTOTECH
AUTOTECH 2MT3,Structure and Properties of Materials,AUTOTECH
AUTOTECH 3AE3,Automotive Systems and Integrations,AUTOTECH
AUTOTECH 3AV3,Electric and Hybrid Vehicles,AUTOTECH
AUTOTECH 3CT3,Control Theory,AUTOTECH
AUTOTECH 3MP3,Manufacturing Processes and Systems,AUTOTECH
AUTOTECH 3MV3,Mechatronics,AUTOTECH
AUTOTECH 3TS3,Fluid Mechanics,AUTOTECH
AUTOTECH 3VD3,Mechanical Vibrations,AUTOTECH
AUTOTECH 4AT3,Conceptual Design of Electric and Hybrid Vehicles,AUTOTECH
AUTOTECH 4CI3,Robotics and Computer Integrated Manufacturing,AUTOTECH
AUTOTECH 4DV3,Vehicle Dynamics,AUTOTECH
AUTOTECH 4TR3,Capstone Design II,AUTOTECH
BIOCHEM 2B03,Nucleic Acid Structure and Function,BIOCHEM
BIOCHEM 2L06A,Inquiry in Biochemical Techniques,BIOCHEM
BIOCHEM 3A03,Biochemical Research Practice,BIOCHEM
BIOCHEM 3BP3,Practical Bioinformatics in the Genomics Era,BIOCHEM
BIOCHEM 3CB3,Emerging Discovery in Cell Biology,BIOCHEM
BIOCHEM 3D03,Metabolism and Regulation,BIOCHEM
BIOCHEM 3G03,Proteins and Nucleic Acids,BIOCHEM
BIOCHEM 3R03,Clinical Research Project,BIOCHEM
BIOCHEM 3R06A,Research Project,BIOCHEM
BIOCHEM 4E03,Gene Regulation in Stem Cells and Development,BIOCHEM
BIOCHEM 4F09A,Senior Thesis,BIOCHEM
BIOCHEM 4S03,Introduction to Molecular Biophysics,BIOCHEM
BIOCHEM 4T15A,Senior Thesis,BIOCHEM
BIOCHEM 4Z03,Senior Project,BIOCHEM
BIOLOGY 1A03,Cellular and Molecular Biology,BIOLOGY
BIOLOGY 1M03,"Biodiversity, Evolution and Humanity",BIOLOGY
BIOLOGY 1P03,Introductory Biology,BIOLOGY
BIOLOGY 2B03,Cell Biology,BIOLOGY
BIOLOGY 2C03,Genetics,BIOLOGY
BIOLOGY 2D03,Plant Biodiversity and Biotechnology,BIOLOGY
BIOLOGY 2F03,Fundamental and Applied Ecology,BIOLOGY
BIOLOGY 2L03,The Scientific Method in Biology,BIOLOGY
BIOLOGY 3AA3,Fundamental Concepts of Pharmacology,BIOLOGY
BIOLOGY 3DD3,Communities and Ecosystems,BIOLOGY
BIOLOGY 3EP3A,Applied Biology Placement,BIOLOGY
BIOLOGY 3EP3S,Applied Biology Placement,BIOLOGY
BIOLOGY 3FF3,Evolution,BIOLOGY
BIOLOGY 3HD3,Human Disasters,BIOLOGY
BIOLOGY 3IR3A,Independent Research Project,BIOLOGY
BIOLOGY 3IR3S,Independent Research Project,BIOLOGY
BIOLOGY 3JJ3,Field Methods In Ecology,BIOLOGY
BIOLOGY 3P03,Cell Physiology,BIOLOGY
BIOLOGY 3R03,Field Biology I,BIOLOGY
BIOLOGY 3RF0,Field Work I,BIOLOGY
BIOLOGY 3S03,An Introduction to Bioinformatics,BIOLOGY
BIOLOGY 3SA3,Applied Statistics for Biology,BIOLOGY
BIOLOGY 3U03,Animal Physiology - Homeostasis,BIOLOGY
BIOLOGY 3ZZ3,Topics in Physiology,BIOLOGY
BIOLOGY 4A03,Advanced Topics in Ecology,BIOLOGY
BIOLOGY 4C12A,Senior Thesis,BIOLOGY
BIOLOGY 4F06A,Senior Project,BIOLOGY
BIOLOGY 4F06S,Senior Project,BIOLOGY
BIOLOGY 4IR3,Advanced Independent Research Project,BIOLOGY
BIOLOGY 4J03,Field Biology II,BIOLOGY
BIOLOGY 4JF0,Field Work II,BIOLOGY
BIOLOGY 4MH3,Microbiome-Host Interactions,BIOLOGY
BIOLOGY 4PP3,Environmental Microbiology and Biotechnology,BIOLOGY
BIOLOGY 4X03,Environmental Physiology,BIOLOGY
BIOMEDDC 2C03,Exploring Careers in Biomedical Sciences,BIOMEDDC
BIOMEDDC 3B06A,Drug Discovery and Development,BIOMEDDC
BIOMEDDC 3C06,Research Skills Laboratory and Inquiry,BIOMEDDC
BIOMEDDC 4A15A,Senior Research Thesis,BIOMEDDC
BIOMEDDC 4B03,Road to Biomedical Commercialization,BIOMEDDC
BIOPHYS 2A03,Biophysics of the Cell and Living Organisms,BIOPHYS
BIOPHYS 3S03,'Squishy Physics’: Physics of Soft Matter,BIOPHYS
BIOPHYS 4S03,Introduction to Molecular Biophysics,BIOPHYS
BIOSAFE 1BS0,Biosafety Training,BIOSAFE
BIOTECH 2CB3,Cell Biology,BIOTECH
BIOTECH 2EC3,Chemical Engineering Concepts,BIOTECH
BIOTECH 2M03,Molecular Biology,BIOTECH
BIOTECH 2OC3,Organic Chemistry,BIOTECH
BIOTECH 3B03,Industrial Biotechnology,BIOTECH
BIOTECH 3BC3,Bioprocess Control and Dynamics,BIOTECH
BIOTECH 3BP3,Bioreactor Processes and Design,BIOTECH
BIOTECH 3CM3,Computational Modeling of Biological Systems,BIOTECH
BIOTECH 3FM3,Food Microbiology,BIOTECH
BIOTECH 3IV3,Immunology and Virology,BIOTECH
BIOTECH 3PM3,Pharmacology,BIOTECH
BIOTECH 4BI3,Bioinformatics,BIOTECH
BIOTECH 4BS3,Ethics and Biotechnology Regulations,BIOTECH
BIOTECH 4TB3,Advanced Biotechnology,BIOTECH
BIOTECH 4TR3,Capstone Project II,BIOTECH
BUSAI 3AI3,Foundations of Large Language Models and Generative Artificial Intelligence in Business,BUSAI
CHALLENG 2CC3,Critical Challenges for Humanity,CHALLENG
CHEM 1A03,Introductory Chemistry I,CHEM
CHEM 2A03,Quantitative Chemical Analysis,CHEM
CHEM 2BC3,Making Chemistry More Sustainable,CHEM
CHEM 2E03,Introductory Organic Chemistry,CHEM
CHEM 2OA3,Organic Chemistry I,CHEM
CHEM 2OG3,Structure and Reactivity of Organic Molecules,CHEM
CHEM 2Q03,Inquiry for Chemistry,CHEM
CHEM 2SC3,Sustainable Chemistry - Green Chemistry,CHEM
CHEM 3EP3A,Advanced Chemistry Placement,CHEM
CHEM 3EP3S,Advanced Chemistry Placement,CHEM
CHEM 3II3,Introduction to Transition Metal Chemistry,CHEM
CHEM 3LA3,Strategies for Chemical Discovery,CHEM
CHEM 3OA3,Organic Synthesis,CHEM
CHEM 3PC3,Mathematical Tools for Chemical Problems,CHEM
CHEM 3RP3,Research Practicum in Chemistry,CHEM
CHEM 4G12A,Senior Thesis,CHEM
CHEM 4IC3,"Solid State Inorganic Materials: Structures, Properties, Characterization and Applications",CHEM
CHEM 4OA3,Natural Products,CHEM
CHEM 4OP3,Polymers and Organic Materials,CHEM
CHEM 4Q03,Peer Tutoring in Chemistry,CHEM
CHEM 4RP6A,Research Project in Chemistry,CHEM
CHEM 4RP6S,Research Project in Chemistry,CHEM
CHEMBIO 2A03,Introduction to Bio-Analytical Chemistry,CHEMBIO
CHEMBIO 2OG3,Organic Chemistry I,CHEMBIO
CHEMBIO 2Q03,Inquiry for Chemical Biology,CHEMBIO
CHEMBIO 3EP3A,Advanced Chemical Biology Placement,CHEMBIO
CHEMBIO 3EP3S,Advanced Chemical Biology Placement,CHEMBIO
CHEMBIO 3OA3,Organic Mechanistic Tools for Chemical Biology,CHEMBIO
CHEMBIO 3P03,Biomolecular Interactions and Kinetics,CHEMBIO
CHEMBIO 3RP3,Research Practicum in Chemical Biology,CHEMBIO
CHEMBIO 4G12A,Senior Thesis in Chemical Biology,CHEMBIO
CHEMBIO 4OA3,Natural Products,CHEMBIO
CHEMBIO 4Q03,Peer Tutoring in Chemical Biology,CHEMBIO
CHEMBIO 4RP6A,Research Project in Chemical Biology,CHEMBIO
CHEMBIO 4RP6S,Research Project in Chemical Biology,CHEMBIO
CHEMBME 5P06A,Integrated Chemical & Biomedical Engineering Capstone Design Project,CHEMBME
CHEMENG 2D04,Chemical Engineering Principles I,CHEMENG
CHEMENG 2DW1,Problem Solving Strategies,CHEMENG
CHEMENG 2E04,Numerical Methods and Computing for Chemical Engineers,CHEMENG
CHEMENG 3BK3,Bio-Reaction Engineering,CHEMENG
CHEMENG 3D04,Chemical Engineering Thermodynamics,CHEMENG
CHEMENG 3TP6,Transport Phenomena,CHEMENG
CHEMENG 3U04,Unit Operations,CHEMENG
CHEMENG 4A03,Energy Systems Engineering,CHEMENG
CHEMENG 4B03,Polymer Reaction Engineering,CHEMENG
CHEMENG 4E03,Modern Methods for Process Control,CHEMENG
CHEMENG 4K03,Reactor Design for Heterogeneous Systems: Principles and Machine Learning Perspective,CHEMENG
CHEMENG 4L03,Advanced Laboratory Skills,CHEMENG
CHEMENG 4M03,Industrial Separation Processes,CHEMENG
CHEMENG 4N04,Engineering Economics and Problem Solving,CHEMENG
CHEMENG 4W06A,Chemical Plant Design and Capstone Project,CHEMENG
CHEMENG 4Y04A,Senior Independent Project,CHEMENG
CHINESE 1BL3,Beginner Chinese Language I,CHINESE
CIVBME 5P06A,Integrated Civil & Biomedical Engineering Capstone Design Project,CIVBME
CIVDEM 3EL3,Election Law and Policy,CIVDEM
CIVDEM 3Z03,Canadian Public Sector Management,CIVDEM
CIVDEM 4ED6A,Partnered Research in Elections and Democracy,CIVDEM
CIVENG 2A03,Surveying and Measurement for Transportation and Construction,CIVENG
CIVENG 2B04,Principles of Environmental Engineering,CIVENG
CIVENG 2E03,Computer Applications in Civil Engineering,CIVENG
CIVENG 2P04,Statics and Mechanics of Materials,CIVENG
CIVENG 2X03,Introduction to Civil Engineering,CIVENG
CIVENG 3A03,Geotechnical Engineering I,CIVENG
CIVENG 3C03,Engineering Systems,CIVENG
CIVENG 3G04,Structural Analysis,CIVENG
CIVENG 3K03,Introduction to Transportation Engineering,CIVENG
CIVENG 3P04,Civil Engineering Materials and Design,CIVENG
CIVENG 4A04,Engineering Hydrology,CIVENG
CIVENG 4BP4,Building Science,CIVENG
CIVENG 4G04,Pavement Materials and Design,CIVENG
CIVENG 4K04,Modern Methods of Structural Analysis,CIVENG
CIVENG 4N04,Steel Structures,CIVENG
CIVENG 4P04,Engineering Hydrogeology,CIVENG
CIVENG 4S04,Foundation Engineering,CIVENG
CIVENG 4X06A,Design and Synthesis Project in Civil Engineering,CIVENG
CIVENG 4Z04A,Independent Study,CIVENG
CIVTECH 3GE3,Geotechnical Materials and Analysis,CIVTECH
CIVTECH 3SA3,Structural Analysis,CIVTECH
CIVTECH 4BC3,Building Science,CIVTECH
CIVTECH 4LU3,Advanced Land Use Planning,CIVTECH
CIVTECH 4RC3,Reinforced Concrete and Masonry Design,CIVTECH
CIVTECH 4WT3,Municipal and Environmental Engineering,CIVTECH
CMST 1A03,Introduction to Communication,CMST
CMST 2EM3,Environmental Media,CMST
CMST 2LW3,Communication Policy and Law,CMST
CMST 2PR3,Public Relations: Principles and Practices,CMST
CMST 2TM6,Foundations in Communication Theory and Methods,CMST
CMST 3B03,Practical Aspects of Media Production,CMST
CMST 3PM3,"Public Memory, Media, and African Diaspora Studies",CMST
CMST 3S03,Television and Society,CMST
CMST 3SC3,Strategic Communications,CMST
CMST 3WR3,Professional Writing,CMST
CMST 4A03,Independent Research Project,CMST
CMST 4D03,International Communication,CMST
CMST 4E03,Media and Promotionalism,CMST
CMST 4N03,The News,CMST
CMST 4X03,Communications for Campaigns and Elections,CMST
CMTYENGA 2A03,Foundations of Community Engagement,CMTYENGA
CMTYENGA 2MC3,Design and Creation of Engaged Learning for Community Youth,CMTYENGA
CMTYENGA 3E03,Community Engagement in Practice with Empowerment Squared,CMTYENGA
CMTYENGA 4A06,Semester at CityLAB: Design and Dialogue Inquiry,CMTYENGA
CMTYENGA 4A09,Semester at CityLAB: Applied Project Experience,CMTYENGA
COMMERCE 1AA3,Introductory Financial Accounting,COMMERCE
COMMERCE 1BA3,Organizational Behaviour,COMMERCE
COMMERCE 1E03,Business Environment and Organization,COMMERCE
COMMERCE 1GR0A,DeGroote Student Experience and Development I,COMMERCE
COMMERCE 1MA3,Introduction to Marketing,COMMERCE
COMMERCE 1TS0,Orientation for New Transfer Students,COMMERCE
COMMERCE 2AB3,Managerial Accounting I,COMMERCE
COMMERCE 2CO0,Co-op and Career Development Course,COMMERCE
COMMERCE 2DA3,Decision Making with Analytics,COMMERCE
COMMERCE 2FA3,Introduction to Finance,COMMERCE
COMMERCE 2FB3,Managerial Finance,COMMERCE
COMMERCE 2GR0,DeGroote Student Experience and Development II,COMMERCE
COMMERCE 2NG3,Negotiations,COMMERCE
COMMERCE 3AB3,Intermediate Financial Accounting I,COMMERCE
COMMERCE 3DA3,Predictive Analytics,COMMERCE
COMMERCE 3FB3,Securities Analysis,COMMERCE
COMMERCE 3FC3,International Finance,COMMERCE
COMMERCE 3FD3,Financial Modelling,COMMERCE
COMMERCE 3FH3,Alternative Investments and Portfolio Management,COMMERCE
COMMERCE 3FI3,Market Trading with Options and Futures,COMMERCE
COMMERCE 3FK3,Intermediate Corporate Finance,COMMERCE
COMMERCE 3FN3,Big Data in Finance,COMMERCE
COMMERCE 3GR0,DeGroote Student Experience and Development III,COMMERCE
COMMERCE 3KA3,System Analysis and Design,COMMERCE
COMMERCE 3KE3,Management of Enterprise Data Analytics and Artificial Intelligence,COMMERCE
COMMERCE 3MA3,Marketing Research,COMMERCE
COMMERCE 3MB3,Consumer Behaviour,COMMERCE
COMMERCE 3MC3,Applied Marketing Management,COMMERCE
COMMERCE 4AA3,Managerial Accounting II,COMMERCE
COMMERCE 4AC3,Advanced Financial Accounting,COMMERCE
COMMERCE 4AD3,Introduction to Auditing,COMMERCE
COMMERCE 4AF3,Accounting Theory,COMMERCE
COMMERCE 4BB3,Recruitment and Selection,COMMERCE
COMMERCE 4BG3,Public Sector Collective Bargaining,COMMERCE
COMMERCE 4BI3,Training and Development,COMMERCE
COMMERCE 4BL3,Occupational Health and Safety Management,COMMERCE
COMMERCE 4CB3,"Health Care Systems: Management, Policy, and Innovation",COMMERCE
COMMERCE 4DA3,Modelling and Prescriptive Analytics,COMMERCE
COMMERCE 4EL3,Experiential Learning in Business,COMMERCE
COMMERCE 4FC3,Ethics and Professional Practice in Finance,COMMERCE
COMMERCE 4FL3,Personal Financial Management,COMMERCE
COMMERCE 4FP3,Personal Finance,COMMERCE
COMMERCE 4FR3,Insurance and Risk Management,COMMERCE
COMMERCE 4FW3,Finance for Entrepreneurs,COMMERCE
COMMERCE 4FY3,Introduction to FinTech,COMMERCE
COMMERCE 4GR3,DeGroote Student Experience and Development IV,COMMERCE
COMMERCE 4IA0,Internship 1,COMMERCE
COMMERCE 4IB0,Internship 2,COMMERCE
COMMERCE 4KF3,Project Management,COMMERCE
COMMERCE 4KH3,Strategies for Electronic and Mobile Business,COMMERCE
COMMERCE 4MA3,Advertising and Integrated Marketing Communication,COMMERCE
COMMERCE 4ME3,Sales Management,COMMERCE
COMMERCE 4MH3,Digital Marketing,COMMERCE
COMMERCE 4OI3,Supply Chain Management,COMMERCE
COMMERCE 4PA3,Business Policy: Strategic Management,COMMERCE
COMMERCE 4QA3,Operations Modelling and Analysis,COMMERCE
COMMERCE 4SA3,International Business,COMMERCE
COMMERCE 4SB3,Introduction to Canadian Taxation,COMMERCE
COMMERCE 4SD3,Commercial Law,COMMERCE
COMMERCE 4SE3,Entrepreneurship,COMMERCE
COMMERCE 4SM3,Sports Management,COMMERCE
COMMERCE 4SY3,Independent Study in Business,COMMERCE
COMPENG 2DI4,Logic Design,COMPENG
COMPENG 2SH4,Principles of Programming,COMPENG
COMPENG 3DQ5,Digital Systems Design,COMPENG
COMPENG 4DK4,Computer Communication Networks,COMPENG
COMPENG 4DM4,Computer Architecture,COMPENG
COMPENG 4OJ4,Research Project,COMPENG
COMPENG 4SL4,Fundamentals of Machine Learning,COMPENG
COMPENG 4SP4,High-Performance Programming,COMPENG
COMPENG 4TL4,Digital Signal Processing,COMPENG
COMPSCI 1JC3,Introduction to Computational Thinking,COMPSCI
COMPSCI 1MD3,Introduction to Programming,COMPSCI
COMPSCI 2C03,Data Structures and Algorithms,COMPSCI
COMPSCI 2GA3,Computer Architecture,COMPSCI
COMPSCI 2LC3,Logical Reasoning for Computer Science,COMPSCI
COMPSCI 2ME3,Introduction to Software Development,COMPSCI
COMPSCI 3GC3,Computer Graphics,COMPSCI
COMPSCI 3MI3,Principles of Programming Languages,COMPSCI
COMPSCI 3RA3,Software Requirements and Security Considerations,COMPSCI
COMPSCI 3SH3,Computer Science Practice and Experience: Operating Systems,COMPSCI
COMPSCI 3VA3,Information Visualization and Visual Analytics,COMPSCI
COMPSCI 3X03,Scientific Computation,COMPSCI
COMPSCI 4AL3,Applications of Machine Learning,COMPSCI
COMPSCI 4CR3,Applied Cryptography,COMPSCI
COMPSCI 4HC3,Human Computer Interfaces,COMPSCI
COMPSCI 4ML3,Fundamentals of Machine Learning,COMPSCI
COMPSCI 4O03,Linear Optimization,COMPSCI
COMPSCI 4TE3,Continuous Optimization,COMPSCI
COMPSCI 4TH3,Theory of Computation,COMPSCI
COMPSCI 4Z03,Directed Readings,COMPSCI
COMPSCI 4ZP6A,Capstone Project,COMPSCI
CONSENT 1A00,Consent,CONSENT
DATASCI 2G03,Scientific Computing,DATASCI
EARTHSC 1G03,Earth and the Environment,EARTHSC
EARTHSC 2E03,Earth History,EARTHSC
EARTHSC 2GG3,Natural Disasters,EARTHSC
EARTHSC 2K03,Optical Crystallography and Mineralogy,EARTHSC
EARTHSC 3CC3,Earth's Changing Climate,EARTHSC
EARTHSC 3FE3,Field Camp,EARTHSC
EARTHSC 3RD3,Research Design and Dissemination in Earth and Environmental Sciences,EARTHSC
EARTHSC 3V03,Environmental Geophysics,EARTHSC
EARTHSC 3W03,Physical Hydrogeology,EARTHSC
EARTHSC 4G03,Glacial Sediments and Environments,EARTHSC
EARTHSC 4MT6A,Senior Thesis,EARTHSC
EARTHSC 4T03,Plate Tectonics and Resources,EARTHSC
ECON 1B03,Introductory Microeconomics,ECON
ECON 1BB3,Introductory Macroeconomics,ECON
ECON 1ME3,Introduction to Mathematical Economics,ECON
ECON 2A03,Economics of Labour-Market Issues,ECON
ECON 2B03,Analysis of Economic Data,ECON
ECON 2CC3,Health Economics and its Application to Health Policy,ECON
ECON 2I03,Financial Economics,ECON
ECON 2K03,Economic History of Canada,ECON
ECON 2NN3,Political Economy of Development,ECON
ECON 2P03,Economics of Professional Sports,ECON
ECON 2Y03,Intermediate Macroeconomics I,ECON
ECON 2YY3,Intermediate Macroeconomics II,ECON
ECON 2Z03,Intermediate Microeconomics I,ECON
ECON 2ZZ3,Intermediate Microeconomics II,ECON
ECON 3B03,Public Sector Economics: Expenditures,ECON
ECON 3BE3,Behavioural Economics,ECON
ECON 3E03,Applied Econometrics,ECON
ECON 3EE3,Econometrics I,ECON
ECON 3H03,International Monetary Economics,ECON
ECON 3HH3,International Trade,ECON
ECON 3K03,Monetary Economics,ECON
ECON 3M03,Introduction to Game Theory,ECON
ECON 3T03,Economic Development,ECON
ECON 4F03,Methods of Inquiry in Economics,ECON
ECON 4FF3,Research Methods in Economics,ECON
ECON 4G03,Econometrics II,ECON
ECON 4M06A,Direct Research 1,ECON
ECON 4N03,Directed Research II,ECON
ECON 4T03,Advanced Economic Theory I,ECON
ELECBME 5P06A,Integrated Electrical & Biomedical Engineering Capstone Design Project,ELECBME
ELECENG 2CI4,Introduction to Circuit Analysis,ELECENG
ELECENG 2MM3,Electrical Circuits and Power,ELECENG
ELECENG 3EJ4,Electronic Devices and Circuits II,ELECENG
ELECENG 3FK4,Electromagnetics II,ELECENG
ELECENG 3N03,Analog Electronics for Measuring Systems,ELECENG
ELECENG 3TP3,Signal & Systems,ELECENG
ELECENG 3TQ3,Advanced Probability and Random Processes,ELECENG
ELECENG 4CL4,Control System Design,ELECENG
ELECENG 4EK4,Microelectronics,ELECENG
ELECENG 4FJ4,Devices and Antennas for Wireless Systems,ELECENG
ELECENG 4OI6A,Engineering Design,ELECENG
ELECENG 4OJ4,Research Project,ELECENG
ELECENG 4PK4,Power Electronics,ELECENG
ENGINEER 1EE0,Introduction to Career Planning & Employment,ENGINEER
ENGINEER 1P13A,Integrated Cornerstone Design Projects in Engineering,ENGINEER
ENGINEER 2EC0,Engineering Work Term,ENGINEER
ENGINEER 3IC0,Full-Time Internship for International Students,ENGINEER
ENGINEER 4A03,"Ethics, Equity and Law in Engineering",ENGINEER
ENGINEER 4EX3A,Experiential Engineering Design,ENGINEER
ENGLISH 1F03,The Written World,ENGLISH
ENGLISH 1G03,Making and Unmaking Literary Traditions,ENGLISH
ENGLISH 1H03,Words in Place,ENGLISH
ENGLISH 2BB3,Literature and Culture in the United States,ENGLISH
ENGLISH 2CC3,Settler Colonialism and Writing in Canada,ENGLISH
ENGLISH 2CW3,Genre in Creative Writing,ENGLISH
ENGLISH 2HT3,Shakespeare: Histories and Tragedies,ENGLISH
ENGLISH 2QA3,"Queer Writing, Art, and Activism: Reimagining the World",ENGLISH
ENGLISH 2TP3,Literary and Cultural Studies: Theory and Practice,ENGLISH
ENGLISH 3CP3,Writing Practices,ENGLISH
ENGLISH 3CR3,Writing Out,ENGLISH
ENGLISH 3GF3,Topics in Popular Genres,ENGLISH
ENGLISH 3NH3,Narratives of Health,ENGLISH
ENGLISH 3VC3,'We Other Victorians': Victorian Literature and Culture and Its Afterlives,ENGLISH
ENGLISH 3W03,Contemporary Indigenous Literature of Turtle Island,ENGLISH
ENGLISH 4CA3,Under the Gaze of the Nonhuman: Critical Animal Studies,ENGLISH
ENGLISH 4CF3,Contemporary Fiction,ENGLISH
ENGLISH 4E03,"Literature, Culture and Climate Catastrophe",ENGLISH
ENGLISH 4FW3,Forms of Creative Writing,ENGLISH
ENGLISH 4SD3,Sentenced to Death,ENGLISH
ENGLISH 4X03,Honours Essay,ENGLISH
ENGLISH 4Y03,Experiential Practicum I,ENGLISH
ENGLISH 4Y06A,Research Practicum,ENGLISH
ENGNMGT 2AA3,Communication Skills,ENGNMGT
ENGNMGT 4A03,Innovation Driven Project Development and Management,ENGNMGT
ENGNMGT 5B03,Engineering and Management Capstone,ENGNMGT
ENGPHYS 2CD4,Computational Mechanics: Dynamics,ENGPHYS
ENGPHYS 2E04,Analog and Digital Circuits,ENGPHYS
ENGPHYS 2NE3,Thermal Systems Design,ENGPHYS
ENGPHYS 2NM4,Numerical Methods for Engineering,ENGPHYS
ENGPHYS 3BA3,Circuits with Non-Linear and Active Components,ENGPHYS
ENGPHYS 3ES3,Introduction to Energy Systems,ENGPHYS
ENGPHYS 3H04A,Research Project in Engineering Physics,ENGPHYS
ENGPHYS 3SP3,Space Systems Engineering,ENGPHYS
ENGPHYS 3W03,Signals and Systems for Engineering,ENGPHYS
ENGPHYS 4A06A,Engineering Physics Design and Synthesis Project,ENGPHYS
ENGPHYS 4H04A,Research Project in Engineering Physics,ENGPHYS
ENGPHYS 4QC3,Introduction to Quantum Computing,ENGPHYS
ENGPHYS 4Z04,Semiconductor Manufacturing Technology,ENGPHYS
ENGSOCTY 2X03,Inquiry in an Engineering Context I,ENGSOCTY
ENGSOCTY 3Y03,Technology and Society,ENGSOCTY
ENGSOCTY 3Z03,Preventive Engineering: Environmental Perspectives,ENGSOCTY
ENGSOCTY 4X03A,Inquiry in an Engineering Context III,ENGSOCTY
ENGSOCTY 4Y03,Society Capstone Design,ENGSOCTY
ENGTECH 1CH3,Chemistry,ENGTECH
ENGTECH 1CP3,C++ Programming,ENGTECH
ENGTECH 1ET0,Introduction to the Technology Co-op Program,ENGTECH
ENGTECH 1MC3,Mathematics I,ENGTECH
ENGTECH 1PH3,Physics,ENGTECH
ENGTECH 1PP3,Programming Fundamentals,ENGTECH
ENGTECH 2EE0,Four Month Co-op Experience I,ENGTECH
ENGTECH 2ES3,Engineering Statistics,ENGTECH
ENGTECH 2ET0,Four Month Co-op Experience I,ENGTECH
ENGTECH 2MA3,Mathematics III,ENGTECH
ENGTECH 3DM3,Discrete Mathematics,ENGTECH
ENGTECH 3EE0,Four Month Co-op Experience II,ENGTECH
ENGTECH 3ES3,Engineering Statistics,ENGTECH
ENGTECH 3ET0,Four Month Co-op Experience II,ENGTECH
ENGTECH 3FE3,Finite Element Analysis,ENGTECH
ENGTECH 3MA3,Mathematics V,ENGTECH
ENGTECH 3ML3,Strength of Materials,ENGTECH
ENGTECH 3SD3,Statics and Dynamics,ENGTECH
ENGTECH 3SP3,Structure and Properties of Materials,ENGTECH
ENGTECH 3ST3,Probability and Statistics,ENGTECH
ENGTECH 3TD3,Thermodynamics,ENGTECH
ENGTECH 4AI3,Artificial Intelligence,ENGTECH
ENGTECH 4CT3,Systems and Control,ENGTECH
ENGTECH 4EE0,Four Month Co-op Experience III,ENGTECH
ENGTECH 4FD3,Senior Engineering Project,ENGTECH
ENGTECH 4MA3,Advanced Mathematics,ENGTECH
ENGTECH 4TF3,Mechanics of Fluids,ENGTECH
ENRTECH 3EM3,Transmission Lines and Electromagnetics,ENRTECH
ENRTECH 3EP3,Power Systems and Electrical Machines,ENRTECH
ENRTECH 3MI3,Measurements and Instrumentation,ENRTECH
ENRTECH 4CA3,Computer Applications in Power System Engineering,ENRTECH
ENRTECH 4PD3,Power System Analysis and Control,ENRTECH
ENRTECH 4PM3,Power Protection and Maintenance I,ENRTECH
ENRTECH 4RG3,Renewable Generation,ENRTECH
ENTREP 1EN3,Entrepreneurial Discovery I,ENTREP
ENVIRSC 1C03,"Climate, Water and Environment",ENVIRSC
ENVIRSC 2C03,Surface Climate Processes and Environmental Interactions,ENVIRSC
ENVIRSC 2W03,Physical Hydrology,ENVIRSC
ENVIRSC 3B03,Ecosystems and Global Change,ENVIRSC
ENVIRSC 3IN3,Internship in Earth and Environmental Sciences,ENVIRSC
ENVIRSC 3ME3,Environmental Field Camp,ENVIRSC
ENVIRSC 3O03,Contaminant Fate and Transport,ENVIRSC
ENVIRSC 4BB3,Field Techniques in Hydrology,ENVIRSC
ENVIRSC 4MI3,Independent Study in Earth and Environmental Sciences,ENVIRSC
ENVIRSC 4MT6A,Senior Thesis,ENVIRSC
ENVIRSC 4W03,Hydrologic Modelling,ENVIRSC
ENVSOCTY 1HB3,"Population, Cities and Development",ENVSOCTY
ENVSOCTY 2EI3,Environment & Society: Challenges and Solutions,ENVSOCTY
ENVSOCTY 2EK3,Traditional Indigenous Ecological Knowledge,ENVSOCTY
ENVSOCTY 2GI3,Geographic Information Systems,ENVSOCTY
ENVSOCTY 2HI3,Health and Place,ENVSOCTY
ENVSOCTY 2RW3,World Regional Geography,ENVSOCTY
ENVSOCTY 3EG3,Politics of a Dying Planet,ENVSOCTY
ENVSOCTY 3ER3,Sustainability and the Economy,ENVSOCTY
ENVSOCTY 3GV3,Advanced Vector GIS,ENVSOCTY
ENVSOCTY 3LT3,Transport Geography and Planning,ENVSOCTY
ENVSOCTY 3MB3,Data Analysis,ENVSOCTY
ENVSOCTY 3MF3,Urban Field Camp,ENVSOCTY
ENVSOCTY 3MI3,Internship in Environment and Society,ENVSOCTY
ENVSOCTY 3SR3,Remote Sensing,ENVSOCTY
ENVSOCTY 3UP3,Urban Planning,ENVSOCTY
ENVSOCTY 3UW3,Cities of the Developing World,ENVSOCTY
ENVSOCTY 4GA3,Applied Spatial Statistics,ENVSOCTY
ENVSOCTY 4GT3,Web GIS,ENVSOCTY
ENVSOCTY 4HD3,"Disability, Society and Environment",ENVSOCTY
ENVSOCTY 4HH3,Environment and Health,ENVSOCTY
ENVSOCTY 4HP3,Migration and Global Development,ENVSOCTY
ENVSOCTY 4MS3,Independent Study,ENVSOCTY
ENVSOCTY 4MT6A,Senior Thesis,ENVSOCTY
EPHYSBME 5P06A,Integrated Engineering Physics & Biomedical Engineering Capstone Design Project,EPHYSBME
EXCHANGE 3X01,Exchange,EXCHANGE
EXCHANGE 3X02,Exchange,EXCHANGE
EXCHANGE 3X03,Exchange,EXCHANGE
EXCHANGE 3X06,Exchange,EXCHANGE
EXCHANGE 3X09,Exchange,EXCHANGE
EXCHANGE 3X12,Exchange,EXCHANGE
EXCHANGE 3X15,Exchange,EXCHANGE
FRENCH 1AA3,Introduction to French Studies: Intermediate I,FRENCH
FRENCH 1ZA3,Intensive French Beginner I,FRENCH
FRENCH 2AA3,Introduction to French Studies: Intermediate I,FRENCH
FRENCH 2B03,French Language Practice I: Upper Intermediate,FRENCH
FRENCH 2CT3,Elementary Translation from French to English,FRENCH
FRENCH 2I03,Professional French I,FRENCH
FRENCH 2L03,Introduction to Literary Analysis,FRENCH
FRENCH 2XX3,French Movie Stars and Entertainers (Taught in English),FRENCH
FRENCH 2ZA3,Intensive French Elementary I,FRENCH
FRENCH 3AC3,Francophone Writers,FRENCH
FRENCH 3C03,French Language Practice III: Advanced,FRENCH
FRENCH 4T03,Independent Study,FRENCH
FRENCH 4U03,Topics in Literature and Culture of Quebec and Francophone Canada,FRENCH
GENDRST 1A03,"Gender, Race, Culture, Power",GENDRST
GENDRST 2BB3,Images of the Divine Feminine,GENDRST
GENDRST 3RR3,"‘Cripping' Performance: Deaf, Mad and Disabled Performance in Canada",GENDRST
GENTECH 1PC3,Professional Communications,GENTECH
GENTECH 2MP3,Management Principles,GENTECH
GENTECH 3EE3,Engineering Economics,GENTECH
GENTECH 3FF3,Financial Systems,GENTECH
GENTECH 3FS3,Financial Systems,GENTECH
GENTECH 3LS3,Quality Control and Assurance Methods,GENTECH
GENTECH 3MB3,Fundamentals of Marketing,GENTECH
GENTECH 3MP3,Management Principles,GENTECH
GENTECH 3MT3,Project Management,GENTECH
GENTECH 4EM3,Legal and Regulatory Issues,GENTECH
GENTECH 4EN3,Entrepreneurial Thinking and Innovation,GENTECH
GENTECH 4FT3,Strategic Management,GENTECH
GENTECH 4MO3,Operations Management,GENTECH
GENTECH 4PM3,Project Management,GENTECH
GENTECH 4SE3,Technology Ethics and Sustainability,GENTECH
GENTECH 4TC3,Technical Communications,GENTECH
GENTECH 4TE3,Technology Ethics and Sustainability,GENTECH
GERMAN 1BL3,Beginner German Language I,GERMAN
GERMAN 2Q03,"Horror Film: Vampires, Monsters, and Mad Scientists (Taught in English)",GERMAN
GERMAN 4II3A,Independent Study,GERMAN
GERMAN 4II3S,Independent Study,GERMAN
GKROMST 1A03,Introduction to Greek and Roman Archaeology,GKROMST
GKROMST 1B03,An Introduction to Ancient Myth and Literature,GKROMST
GKROMST 1M03,History of Greece and Rome,GKROMST
GKROMST 2BB3,Constructing the Ancient World,GKROMST
GKROMST 2HC3,Caesar and the Rise of Autocracy,GKROMST
GKROMST 2K03,The Society of Greece and Rome,GKROMST
GKROMST 2MT3,Ancient Roots of Medical Terminology,GKROMST
GKROMST 3ER3,Epics of Rome,GKROMST
GKROMST 3MT3,Advanced Ancient Roots of Medical Terminology,GKROMST
GKROMST 3S03,"Pompeii, Herculaneum, and Ostia",GKROMST
GKROMST 4F03,Seminar in Ancient History,GKROMST
GKROMST 4RE3,Research Methods in Greek and Roman Studies,GKROMST
GKROMST 4T03S,Independent Study,GKROMST
GLOBALZN 1A03,Global Citizenship,GLOBALZN
GLOBALZN 3A03,"Think Globally, Act Locally: Globalization, Social Justice, and Human Rights",GLOBALZN
GREEK 1Z03,Beginner's Intensive Ancient Greek I,GREEK
GREEK 2A03,Intermediate Greek I,GREEK
GREEK 3BB3,Topics in Greek Literature,GREEK
GREEK 4T03,Independent Study in Greek,GREEK
HISTORY 1CC3,"Ten Empires that Shaped our World, 500 BCE to Present",HISTORY
HISTORY 1M03,History of Greece and Rome,HISTORY
HISTORY 1PP3,Pop Goes the Past!,HISTORY
HISTORY 2CH3,Introduction to Critical Heritage Studies,HISTORY
HISTORY 2HC3,The History of Childhood (In)Justice in Canada,HISTORY
HISTORY 2HE3,History of Education in Canada,HISTORY
HISTORY 2JJ3,Africa Since 1800,HISTORY
HISTORY 2ST3,"Empire, War, Welfare State: Britain, 1867-2020",HISTORY
HISTORY 2T03,"Survey of Canadian History, Beginnings to 1885",HISTORY
HISTORY 3H03,Culture and Education in the Italian Renaissance,HISTORY
HISTORY 3HT3,Teaching and Learning of History,HISTORY
HISTORY 3J03,The United States in the 1960s,HISTORY
HISTORY 3TR3,Trees and their Histories,HISTORY
HISTORY 3XX3,Human Rights in History,HISTORY
HISTORY 4DH3,Explorations in Digital Humanities,HISTORY
HISTORY 4DW3,Indigenous History in a Decolonizing World,HISTORY
HISTORY 4G03,Nation and Genocide in the Modern World,HISTORY
HISTORY 4LC3,"Law and Order in Canada, From New France to the Charter",HISTORY
HISTORY 4QQ3,The Soviet Experience,HISTORY
HISTORY 4RP3,Independent Research Project,HISTORY
HISTORY 4RP6A,Advanced Independent Research,HISTORY
HLTHAGE 1AA3,Introduction to Health and Society,HLTHAGE
HLTHAGE 1BB3,"Alphas, Boomers, and Zoomers: Aging and Generations",HLTHAGE
HLTHAGE 1CC3,Introduction to Mental Health and Illness,HLTHAGE
HLTHAGE 1ZZ3,Inquiry: Introduction to Health and Society,HLTHAGE
HLTHAGE 2A03,Research Methods in Health and in Aging I,HLTHAGE
HLTHAGE 2BB3,"Perspectives in Health, Aging and Society",HLTHAGE
HLTHAGE 2C03,Health Economics and its Application to Health Policy,HLTHAGE
HLTHAGE 2GG3,Mental Health and Society,HLTHAGE
HLTHAGE 2HI3,Health & Place,HLTHAGE
HLTHAGE 2O03,Canadian Children,HLTHAGE
HLTHAGE 2P03,Sex and Wellbeing,HLTHAGE
HLTHAGE 3D03,"Perspectives on Disability, Chronic Illness and Aging",HLTHAGE
HLTHAGE 3DD3,Workers’ Health and Well-Being in a Changing World,HLTHAGE
HLTHAGE 3E03,Ethical Issues in Health and Aging,HLTHAGE
HLTHAGE 3EE3,"Health, Aging, and the Practice of Everyday Life: Observations from the Field",HLTHAGE
HLTHAGE 3G03,Community Based Research,HLTHAGE
HLTHAGE 3I03,"Independent Study in Health, Aging and Society",HLTHAGE
HLTHAGE 3L03,Embodied Aging,HLTHAGE
HLTHAGE 3N03,Aging and Mental Health,HLTHAGE
HLTHAGE 4B03,Death and Dying in Later Life,HLTHAGE
HLTHAGE 4D03,"Health, Culture and Diversity",HLTHAGE
HLTHAGE 4I03,Aging and Health,HLTHAGE
HLTHAGE 4J03,Narratives of Illness,HLTHAGE
HLTHAGE 4M03,Environment and Health,HLTHAGE
HLTHAGE 4P03,Leisure and Recreation in Later Life,HLTHAGE
HLTHAGE 4S03,Urban Health Inequalities and the Housing Crisis,HLTHAGE
HLTHAGE 4Z06A,"Health, Aging and Society Thesis",HLTHAGE
HTHSCI 1A00,Competencies in Animal Care and Research: Orientation,HTHSCI
HTHSCI 1B00,Competencies in Animal Care and Research: Methodologies,HTHSCI
HTHSCI 1C00,Competencies in Animal Care and Research: Completion of Ethical Research,HTHSCI
HTHSCI 1C03,Social Justice and Healthcare I,HTHSCI
HTHSCI 1D03,Human Anatomy and Physiology I,HTHSCI
HTHSCI 1E06A,Inquiry I: Introduction,HTHSCI
HTHSCI 1G02,Interdisciplinary Questions in Health,HTHSCI
HTHSCI 1H04,Human Anatomy and Physiology for Post-Diploma RPN-BScN Stream,HTHSCI
HTHSCI 1H06A,Human Anatomy and Physiology,HTHSCI
HTHSCI 1I06A,Cellular and Molecular Biology,HTHSCI
HTHSCI 1ML3,Introduction to Medical Laboratory Sciences,HTHSCI
HTHSCI 1RR2,Introduction to the Social Determinants of Health,HTHSCI
HTHSCI 1X01A,Praxis Pathways 1,HTHSCI
HTHSCI 1X01S,Praxis Pathways 1,HTHSCI
HTHSCI 2C03,Research Appraisal and Utilization in Evidence Informed Decision Making,HTHSCI
HTHSCI 2CH3A,CHS Learning Modules,HTHSCI
HTHSCI 2CH6A,CHS Inquiry Fundamentals,HTHSCI
HTHSCI 2D06A,Inquiry II: Introduction and Biochemistry,HTHSCI
HTHSCI 2DS3,Global Health and the Complexities of Disease,HTHSCI
HTHSCI 2E03,Inquiry II: Biochemistry,HTHSCI
HTHSCI 2F03,Human Physiology and Anatomy I,HTHSCI
HTHSCI 2FA3,Foundations for Inquiry in Anatomy & Physiology,HTHSCI
HTHSCI 2G03,Statistics & Epidemiology 1,HTHSCI
HTHSCI 2H03,Introductory Pharmacology,HTHSCI
HTHSCI 2L03,Anatomy and Physiology I: Communication,HTHSCI
HTHSCI 2LA2A,Introduction to Integrated Pathophysiology for Nursing for Basic Stream,HTHSCI
HTHSCI 2M03,Reproductive Physiology,HTHSCI
HTHSCI 2MB3,Microbiology in the Health Sciences,HTHSCI
HTHSCI 2PF3A,Introduction to Integrated Pathophysiology for Accelerated Stream,HTHSCI
HTHSCI 2PR2A,Introduction to Integrated Pathophysiology for Post-Diploma RPN-BScN Stream,HTHSCI
HTHSCI 2S03,Introduction to Statistics for Nursing,HTHSCI
HTHSCI 2SG3,Introduction to Sex/Gender & Health,HTHSCI
HTHSCI 2X03A,Praxis Pathways 2,HTHSCI
HTHSCI 3AH3,Indigenous Health,HTHSCI
HTHSCI 3BB3,Human Biochemistry II: Nutrition and Metabolism,HTHSCI
HTHSCI 3CA3,Cannabis: An Evidence-Based Understanding,HTHSCI
HTHSCI 3CB3,Introduction to Computational Biology,HTHSCI
HTHSCI 3CC3,Theatre for Development,HTHSCI
HTHSCI 3CH6A,CHS Research Practicum,HTHSCI
HTHSCI 3CH9A,CHS Inquiry Intermediate,HTHSCI
HTHSCI 3CV6A,Child Visual Development and Community Engagement,HTHSCI
HTHSCI 3DM3,Demystifying Medicine,HTHSCI
HTHSCI 3DR3,Demystifying Research,HTHSCI
HTHSCI 3DT3,Donation & Transplantation,HTHSCI
HTHSCI 3E03,Inquiry III: Advanced Inquiry in Health Sciences,HTHSCI
HTHSCI 3EA3,Introduction to Expressive Arts Therapy,HTHSCI
HTHSCI 3EE3,Biomedical Graphics,HTHSCI
HTHSCI 3EP3,Epigenetics: Linking Nature and Nurture,HTHSCI
HTHSCI 3GG3,Health Systems and Health Policy,HTHSCI
HTHSCI 3H03A,Inquiry Project,HTHSCI
HTHSCI 3H03S,Inquiry Project,HTHSCI
HTHSCI 3H06A,Inquiry Project,HTHSCI
HTHSCI 3I03,Introductory Immunology,HTHSCI
HTHSCI 3LH3,"Inquiry into Constitutional Law, Health, and Society",HTHSCI
HTHSCI 3MH3,Critical Examination of Mental Health,HTHSCI
HTHSCI 3MR6A,Practicum in Medical Research,HTHSCI
HTHSCI 3MU3,"Music, Health, & the Community",HTHSCI
HTHSCI 3N03,Creative Writing in the Health Sciences,HTHSCI
HTHSCI 3PA2A,Integrated Pathophysiology for Nursing,HTHSCI
HTHSCI 3PM3,Psychedelics and Mental Health,HTHSCI
HTHSCI 3QA3,Qualitative Research Methods in Health,HTHSCI
HTHSCI 3S03,Communication Skills,HTHSCI
HTHSCI 3SS3,Surviving Survivor: Insights from Reality TV for Real Life,HTHSCI
HTHSCI 3T03,"Inquiry into Work, Self and Purpose",HTHSCI
HTHSCI 3WT3,What Trauma Teaches: Lessons from Listening,HTHSCI
HTHSCI 3X00A,Praxis Pathways 3,HTHSCI
HTHSCI 4A06A,Senior Projects,HTHSCI
HTHSCI 4A09A,Thesis,HTHSCI
HTHSCI 4A12A,Thesis,HTHSCI
HTHSCI 4A15A,Thesis,HTHSCI
HTHSCI 4AL3,Model Systems,HTHSCI
HTHSCI 4AR3,Nursing Research Project,HTHSCI
HTHSCI 4BB3,Neuroimmunology,HTHSCI
HTHSCI 4C06A,Senior Project in Child Health,HTHSCI
HTHSCI 4C09A,Thesis in Child Health,HTHSCI
HTHSCI 4C12A,Thesis in Child Health,HTHSCI
HTHSCI 4C15A,Thesis in Child Health,HTHSCI
HTHSCI 4CH3A,CHS Education Practicum,HTHSCI
HTHSCI 4CH6A,CHS Inquiry Advanced,HTHSCI
HTHSCI 4D03,Special Topics in Health Sciences,HTHSCI
HTHSCI 4D06A,Senior Project in Engaging the City,HTHSCI
HTHSCI 4D09A,Thesis in Engaging the City,HTHSCI
HTHSCI 4D12A,Thesis in Engaging the City,HTHSCI
HTHSCI 4D15A,Thesis in Engaging the City,HTHSCI
HTHSCI 4DE3A,Senior Project in Engaging the City,HTHSCI
HTHSCI 4EE6A,Education Practicum in Health Sciences - Inquiry,HTHSCI
HTHSCI 4G06A,Senior Project in Global Health,HTHSCI
HTHSCI 4G09A,Thesis in Global Health,HTHSCI
HTHSCI 4G12A,Thesis in Global Health,HTHSCI
HTHSCI 4G15A,Thesis in Global Health,HTHSCI
HTHSCI 4JJ3,Capacity Research in Everyday Life,HTHSCI
HTHSCI 4K03,Human Pathophysiology,HTHSCI
HTHSCI 4KT3,Demystifying Science - Advanced Knowledge Translation and Science Communication,HTHSCI
HTHSCI 4MS3,The Social Lives of Molecules,HTHSCI
HTHSCI 4NR3,Nursing Research,HTHSCI
HTHSCI 4NU3,Nutrition,HTHSCI
HTHSCI 4PA3,Global Health Innovation,HTHSCI
HTHSCI 4PF6A,Education Practicum in Anatomy & Physiology,HTHSCI
HTHSCI 4QQ3A,Communication Skill Practicum,HTHSCI
HTHSCI 4RD3A,Integrated Statistics and Research Design,HTHSCI
HTHSCI 4SG3,Sex/Gender in Health Research,HTHSCI
HTHSCI 4SS6A,Group Process Practicum,HTHSCI
HTHSCI 4UU3,Genomics Variant Interpretation in Health Sciences,HTHSCI
HTHSCI 4W03,Special Topics in Health Sciences II,HTHSCI
HTHSCI 4XP3A,Praxis Pathways 4,HTHSCI
HUMAN 1HL3,Humanities for Life: The Value of a Humanities Degree,HUMAN
HUMAN 1VV3,Voice and Vision: Words to Change the World,HUMAN
HUMAN 2AR1,Adaptability and Resiliency,HUMAN
HUMAN 2CP3,Humanities Career Planning and Development,HUMAN
HUMAN 2PS1,Problem Solving,HUMAN
HUMAN 2TC1,Teamwork and Collaboration,HUMAN
HUMAN 3CL3,Community Leadership at McMaster,HUMAN
HUMAN 3EL3,Emotionally Intelligent Leadership,HUMAN
HUMAN 3IF0S,Full-time Internship,HUMAN
HUMAN 3IF1S,Full-time Internship,HUMAN
HUMAN 3IP0S,Part-time Internship,HUMAN
HUMAN 3IP1S,Part-time Internship,HUMAN
HUMAN 3W03,Applied Humanities I,HUMAN
HUMAN 3W03A,Applied Humanities I,HUMAN
HUMAN 4LC3,Major Leadership Project: Theory and Practice,HUMAN
HUMAN 4W03A,Applied Humanities II,HUMAN
HUMAN 4W03S,Applied Humanities II,HUMAN
HUMBEHV 2A06A,Introduction to Autism Spectrum Disorder (ASD),HUMBEHV
HUMBEHV 2AP3,Introduction to Applied Psychology,HUMBEHV
HUMBEHV 2B06A,Introduction to Applied Behaviour Analysis (ABA) I,HUMBEHV
HUMBEHV 2M03,Learning Environment I,HUMBEHV
HUMBEHV 2TL3,Responsive Care for Infants and Toddlers,HUMBEHV
HUMBEHV 3E06A,Behavioural Skill Building,HUMBEHV
HUMBEHV 3G03,Specialized Instructional Strategies (SIS) II,HUMBEHV
HUMBEHV 3IP3A,Inquiry Project,HUMBEHV
HUMBEHV 3IP3S,Inquiry Project,HUMBEHV
HUMBEHV 3MD3,Research Methods for Applied Psychology in Human Behaviour,HUMBEHV
HUMBEHV 3P03,Learning Environment II,HUMBEHV
HUMBEHV 3RS3,ABA Research Designs,HUMBEHV
HUMBEHV 3ST3,Statistics for Applied Psychology in Human Behaviour,HUMBEHV
HUMBEHV 4CB3,Treating Challenging Behaviour II,HUMBEHV
HUMBEHV 4HB3,Seminar in Applied Psychology,HUMBEHV
HUMBEHV 4HC3,Seminar in Applied Psychology,HUMBEHV
HUMBEHV 4HF3,Advanced Seminar in Applied Social Psychology,HUMBEHV
HUMBEHV 4IP3A,Senior Inquiry Project,HUMBEHV
HUMBEHV 4IP3S,Senior Inquiry Project,HUMBEHV
HUMBEHV 4J03,Transition Planning and Implementation,HUMBEHV
HUMBEHV 4N03,Principles of Ethical Practice,HUMBEHV
HUMBEHV 4RP6A,Independent Research Project,HUMBEHV
HUMBEHV 4SC6A,Science Communication in the Behavioural Sciences,HUMBEHV
HUMBEHV 4W03,Supervision for Leadership and Quality,HUMBEHV
IARTS 1BD3,2D Practices in Art,IARTS
IARTS 1CR3,Acting: Body and Voice,IARTS
IARTS 1MA3,Making Art 1,IARTS
IARTS 1SS3,3D Practices in Art,IARTS
IARTS 2AD3,Acting as Devising I,IARTS
IARTS 2BB3,Designing for Devised Performance,IARTS
IARTS 2CD3,Contemporary Approaches to Drawing Practices,IARTS
IARTS 2CP3,Introduction to Critical Curatorial Perspectives,IARTS
IARTS 2DP3,Digital Practices,IARTS
IARTS 2EP3,3D and Expanded Practices,IARTS
IARTS 2PM3,Contemporary Approaches to Print Media,IARTS
IARTS 2RR3,Project Development 2,IARTS
IARTS 3AA3,Modernist Theatre and Drama in Europe,IARTS
IARTS 3CE3,Concentrated Study Ceramics,IARTS
IARTS 3EC3,Early Cinema History,IARTS
IARTS 3ID3,Integrated Media and Materiality: Installation and Performance,IARTS
IARTS 3IM3,Transdisciplinary and Hybrid Studio Practices,IARTS
IARTS 3MD3,"Making Art 4: Key Issues of Equity, Diversity, and Inclusion in the Arts",IARTS
IARTS 3MP3,Devised Theatre Production,IARTS
IARTS 3MP6,Devised Theatre Production,IARTS
IARTS 3RC3,Collaborative Project Development and Production 1,IARTS
IARTS 3RR3,"'Cripping' Performance: Deaf, Mad and Disabled Performance in Canada",IARTS
IARTS 4AE3,"Art, Climate, Justice and the Environment",IARTS
IARTS 4C06A,Thesis Project,IARTS
IARTS 4C12A,Project Capstone Thesis,IARTS
IARTS 4CE3,Concentrated Study Ceramics,IARTS
IARTS 4CS6A,Critical Curatorial Studies,IARTS
IARTS 4D03,"Theatre, Society and Early Cinema",IARTS
IBEHS 1EE0,Introduction to Career Planning & Employment,IBEHS
IBEHS 1EP6A,Entrepreneurship in Biomedical Innovation: From Bench to Market,IBEHS
IBEHS 1P10A,Health Solutions Design Projects I: Introduction to Engineering Fundamentals and Design,IBEHS
IBEHS 2EC0,iBioMed Work Term,IBEHS
IBEHS 2EH3,Innovating Care: Navigating Canada's Healthcare System,IBEHS
IBEHS 2L01,Foundations of Effective Leadership in Engineering and Healthcare 1,IBEHS
IBEHS 2PA2,Health Solutions Design Projects II-A: Lab Skills in Genetic Engineering,IBEHS
IBEHS 3A03,Biomedical Signals and Systems,IBEHS
IBEHS 3E03,Fundamentals of Business Strategy,IBEHS
IBEHS 3H03,Research Project,IBEHS
IBEHS 3I06A,Research Project,IBEHS
IBEHS 3S03,Statistical Methods in Biomedical Engineering,IBEHS
IBEHS 4B03,Biomechanics,IBEHS
IBEHS 4E09A,"Health, Engineering Science and Entrepreneurship Thesis",IBEHS
IBEHS 4EE6A,Innovators in Scrubs,IBEHS
IBEHS 4F04,Biomedical Instrumentation and Measurement,IBEHS
IBEHS 4H03,Research Project,IBEHS
IBEHS 4M03,Biomaterials and Tissue Engineering,IBEHS
IBEHS 4P03,Health Solutions Design Projects IV: Decision Making and Project Management,IBEHS
IBEHS 4QZ3,Cyber-Physical Systems in Biomedical Engineering,IBEHS
IBEHS 5P06A,Biomedical Capstone Design Project,IBEHS
IBH 1AA3,Financial Accounting,IBH
IBH 1BA3,Organizational Behaviour,IBH
IBH 1BB3,Insight and Inquiry: Examining Ourselves and the World around Us,IBH
IBH 1BD3,Introduction to Peace Studies for IBH,IBH
IBH 1LD0A,Leadership Development - Self Awareness,IBH
IBH 2AD3,Statistical Data Analysis,IBH
IBH 2AE3,Critical Thinking,IBH
IBH 2AF3,Global Business Experience,IBH
IBH 2BB3,Introduction to Finance,IBH
IBH 2LD0A,Leadership Development - Leadership Emergence,IBH
IBH 3AA3,Research in Action: Methods for Social Change and Justice,IBH
IBH 3AC3,Corporate Finance,IBH
IBH 3BA3,Understanding Entrepreneurship and Social Entrepreneurship From a Historical and Theoretical Lens,IBH
IBH 3BB3,Organizational Strategy,IBH
IBH 3BD3,Interpersonal Communication,IBH
IBH 4LD3,Leadership Development - Leadership Capstone,IBH
IBH 4SE3,Social Entrepreneurship Capstone,IBH
INDIGST 1A03,Introduction to Indigenous Studies,INDIGST
INDIGST 1G03,"Transition - Gaodadeihwahni:ya:s ""They are strengthening their knowledge""",INDIGST
INDIGST 2D03,Traditional Indigenous Ecological Knowledge,INDIGST
INDIGST 2HW3,We Are the Medicine: Indigenous Teachings in Health and Wellbeing,INDIGST
INDIGST 2MM3,Indigenous Ways of Knowing: Theory,INDIGST
INDIGST 2N03,Perspectives on Indigenous and Eurocentric Astronomy,INDIGST
INDIGST 3D03,Contemporary Indigenous Literatures of Turtle ISL,INDIGST
INDIGST 3R03,Experiential Land-Based Learning,INDIGST
INDIGST 3VV3,The Indian Act: A Social Problem,INDIGST
INDIGST 4DW3,Indigenous History in a Decolonizing World,INDIGST
INDIGST 4HH3,Indigenous Health and Interdisciplinary Approaches,INDIGST
INDIGST 4QQ3,Indigenizing Social Work Practice Approaches,INDIGST
INDIGST 4T06A,Honours Thesis,INDIGST
INNOVATE 1C03,Cases in Entrepreneurship and Innovation,INNOVATE
INNOVATE 1X03,The World of Entrepreneurship,INNOVATE
INNOVATE 1Z03,Artificial Intelligence - Innovative Technologies,INNOVATE
INNOVATE 2SI3,Social Innovations,INNOVATE
INNOVATE 3X03,"Persuasion, Pitching Skills and Marketing",INNOVATE
INSPIRE 2ED3,Principles & Practices of Transformative Teaching & Learning,INSPIRE
INSPIRE 3AR3,Exploring Leadership in Athletics & Recreation,INSPIRE
INSPIRE 3WW3,Exploring Leadership in University Orientation,INSPIRE
INTENG 2A03S,International Engagement at Home,INTENG
INTENG 3A03,International Engagement Capstone,INTENG
IRH 2HI3,Rehabilitation and Humanities Inquiry I,IRH
IRH 2RM3,Evidence-based Rehabilitation and Measurement Theory for Rehabilitation,IRH
IRH 3EP3A,Experiential-Focused Practicum,IRH
IRH 3EP3S,Experiential-Focused Practicum,IRH
IRH 3HI3,Rehabilitation and Humanities Inquiry II,IRH
IRH 3UD3,Understanding Disability,IRH
IRH 4EI3,Entrepreneurship and Innovation in Humanities and Rehabilitation,IRH
IRH 4RT6A,Research Thesis Project,IRH
ISCI 1A24A,Integrated Science I,ISCI
ISCI 2A18A,Integrated Science II,ISCI
ISCI 3A12A,Integrated Science III,ISCI
ISCI 4A12A,Integrated Science IV,ISCI
ITALIAN 4II3A,Independent Study,ITALIAN
ITALIAN 4II3S,Independent Study,ITALIAN
JAPANESE 1BL3,Beginner Japanese Language I,JAPANESE
JAPANESE 2X03,Japanese Anime (Taught in English),JAPANESE
KINESIOL 1A03,Human Anatomy and Physiology I,KINESIOL
KINESIOL 1K03,Foundations in Kinesiology,KINESIOL
KINESIOL 1Y03,Human Anatomy and Physiology I,KINESIOL
KINESIOL 2CC3,Cardiorespiratory and Metabolic Exercise Physiology,KINESIOL
KINESIOL 2E03,Musculoskeletal Anatomy,KINESIOL
KINESIOL 2MC3,Motor Control and Learning,KINESIOL
KINESIOL 2Y03,Human Anatomy and Physiology I,KINESIOL
KINESIOL 3AA3,Biomechanics II,KINESIOL
KINESIOL 3F03,Athletic Training & Conditioning,KINESIOL
KINESIOL 3H03,Exercise Psychology,KINESIOL
KINESIOL 3K03,Sports Injuries,KINESIOL
KINESIOL 3N03,Ergonomics I: Workplace Injury Risk Assessment,KINESIOL
KINESIOL 3RP3,Kinesiology Research Practicum,KINESIOL
KINESIOL 3U03,Human Growth and Maturation,KINESIOL
KINESIOL 3W03,Cardiovascular Physiology of Exercise,KINESIOL
KINESIOL 3Z03,Neuromuscular Plasticity in Health and Disease,KINESIOL
KINESIOL 4EE3,Professional Placement in Kinesiology,KINESIOL
KINESIOL 4IE3,Innovation and Entrepreneurship in Kinesiology,KINESIOL
KINESIOL 4RR6A,Thesis,KINESIOL
KINESIOL 4RR9A,Thesis,KINESIOL
KINESIOL 4SS3,Human Aging: Biological and Lifestyle Influences,KINESIOL
KINESIOL 4TT3,Movement Neuroscience,KINESIOL
KINESIOL 4UU3,Selected Topics in Kinesiology I,KINESIOL
KINESIOL 4W03,Exploring Movement and Posture,KINESIOL
KINESIOL 4XX3,Selected Topics in Kinesiology III,KINESIOL
KOREAN 1BL3,Beginner Korean Language I,KOREAN
LANGCUL 1X03,"Language, Communication, and Context",LANGCUL
LATAM 2A03,Introduction to Latin American and Latinx Studies,LATAM
LATIN 1Z03,Beginner's Intensive Latin I,LATIN
LATIN 2A03,Intermediate Latin I,LATIN
LATIN 3H03,Topics in Latin Poetry,LATIN
LATIN 4T03,Independent Study in Latin,LATIN
LIFESCI 2A03,Research Methods in Life Sciences,LIFESCI
LIFESCI 2BP3,Biophysics of the Cell and Living Organisms,LIFESCI
LIFESCI 2CC3,Fundamentals of Neuroscience,LIFESCI
LIFESCI 2D03,Behavioural Processes,LIFESCI
LIFESCI 2L03,Living Systems Laboratory,LIFESCI
LIFESCI 3BB3,Neurobiology of Disease,LIFESCI
LIFESCI 3EP3,Life Sciences Applied Placement,LIFESCI
LIFESCI 3G03,Introduction to Epidemiology,LIFESCI
LIFESCI 3L03,Laboratory Methods in Life Sciences,LIFESCI
LIFESCI 3LA3,Introduction to Data Literacy,LIFESCI
LIFESCI 3M03,Cellular Dynamics in Health and Disease,LIFESCI
LIFESCI 3N03,Human Nutritional Toxicology,LIFESCI
LIFESCI 3P03,Communicating Science for Public Audiences,LIFESCI
LIFESCI 3RP3,Life Sciences Research Practicum,LIFESCI
LIFESCI 3W03,Genetic and Epigenetic Determinants of Health: Role in Health Disparity,LIFESCI
LIFESCI 3XX3,Peer Mentoring,LIFESCI
LIFESCI 4A03,Life Sciences Advanced Research Practicum,LIFESCI
LIFESCI 4B09A,Independent Thesis,LIFESCI
LIFESCI 4C12A,Independent Thesis,LIFESCI
LIFESCI 4D15A,Independent Thesis,LIFESCI
LIFESCI 4EP6A,Life Sciences Advanced Placement,LIFESCI
LIFESCI 4J03,Science Communication in the Media,LIFESCI
LIFESCI 4L03,Our Invisible Body: Microbes and Human Health,LIFESCI
LIFESCI 4U03,Mechanisms of Disease,LIFESCI
LIFESCI 4X03,The Biopsychology of Sex,LIFESCI
LINGUIST 1A03,"Introduction to Linguistics: Speaking, Signing and Hearing",LINGUIST
LINGUIST 1E03,Introduction to English Linguistics I,LINGUIST
LINGUIST 2D03,Research Methods,LINGUIST
LINGUIST 2L03,Phonetics,LINGUIST
LINGUIST 2PS3,Psycholinguistics,LINGUIST
LINGUIST 2RP3A,Individual Practicum in Indigenous Language Revitalization,LINGUIST
LINGUIST 2RP3S,Individual Practicum in Indigenous Language Revitalization,LINGUIST
LINGUIST 2SL3,Introduction to American Sign Language,LINGUIST
LINGUIST 3AA3,Linguistics in the Real World,LINGUIST
LINGUIST 3C03,Child Language Acquisition,LINGUIST
LINGUIST 3II3,Semantics,LINGUIST
LINGUIST 3LA3,Introduction to Second Language Acquisition,LINGUIST
LINGUIST 3M03,Morphology,LINGUIST
LINGUIST 3RP3A,Individual Research Practicum,LINGUIST
LINGUIST 3RP3S,Individual Research Practicum,LINGUIST
LINGUIST 4D03,Computers and Linguistic Analysis,LINGUIST
LINGUIST 4EL3,Laboratory in Experimental Linguistics,LINGUIST
LINGUIST 4FM3,Field Methods,LINGUIST
LINGUIST 4II3A,Independent Study,LINGUIST
LINGUIST 4II3S,Independent Study,LINGUIST
LINGUIST 4LX3,The Structure of X,LINGUIST
LINGUIST 4SL3,SLP Practicum,LINGUIST
LINGUIST 4SS3,Seminar in Sociolinguistics,LINGUIST
LINGUIST 4Y06A,Honours Thesis,LINGUIST
MANTECH 3MF3,Micro Manufacturing and Fabrication,MANTECH
MANTECH 4MM3,Design and Manufacturing of Machine Elements,MANTECH
MANTECH 4PM3,Production Management,MANTECH
MATH 1A03,Calculus For Science I,MATH
MATH 1AA3,Calculus For Science II,MATH
MATH 1B03,Linear Algebra I,MATH
MATH 1C03,Introduction to Mathematical Reasoning,MATH
MATH 1F03,Introduction to Calculus and Analytic Geometry,MATH
MATH 1K03,Advanced Functions,MATH
MATH 1LS3,Calculus for the Life Sciences I,MATH
MATH 1MP3,Introduction to Mathematical Scientific Computation,MATH
MATH 1X03,Calculus for Math and Stats I,MATH
MATH 1ZA3,Engineering Mathematics I,MATH
MATH 1ZC3,Engineering Mathematics II-B,MATH
MATH 2C03,Introduction to Differential Equations,MATH
MATH 2FM3,Introduction To Mathematical Finance,MATH
MATH 2LA3,Applications of Linear Algebra,MATH
MATH 2MC3,Multivariable Calculus,MATH
MATH 2UU3,Numbers for Life,MATH
MATH 2XA3,Vector Calculus I,MATH
MATH 2Z03,Engineering Mathematics III,MATH
MATH 3B03,Geometry,MATH
MATH 3C03,Mathematical Physics I,MATH
MATH 3CV3,Basic Complex Variables,MATH
MATH 3ET3A,Mathematics Teaching Placement,MATH
MATH 3ET3S,Mathematics Teaching Placement,MATH
MATH 3F03,Ordinary Differential Equations,MATH
MATH 3FM3,Mathematics of Finance,MATH
MATH 3GR3,Abstract Algebra,MATH
MATH 3I03,Partial Differential Equations for Engineering,MATH
MATH 3IA3,Introduction to Analysis,MATH
MATH 3MB3,Introduction to Modelling,MATH
MATH 3NA3,Numerical Linear Algebra,MATH
MATH 3T03,Inquiry in Topology,MATH
MATH 3U03,Combinatorics,MATH
MATH 4A03,Real Analysis II,MATH
MATH 4AI3,Mathematical Foundations of Artificial Intelligence,MATH
MATH 4L03,Introduction to Mathematical Logic,MATH
MATH 4MB3,Mathematical Biology,MATH
MATH 4P06A,Senior Research Project,MATH
MATH 4TT3,Topics in Topology,MATH
MATH 4W03,Reading in Mathematics,MATH
MATH 4WW3,Reading in Mathematics II,MATH
MATH 4X03,Complex Analysis II,MATH
MATH 5GT3,Graduate Level Topics in Mathematics,MATH
MATLS 2A04,Introduction to Materials Engineering,MATLS
MATLS 2B03,Introduction to the Thermodynamics of Materials,MATLS
MATLS 3J03,Statistical Methods for Materials Engineers,MATLS
MATLS 3TP4,Fundamentals of Transport Phenomena in Materials Engineering,MATLS
MATLS 4B03,Biomaterials and Tissue Engineering,MATLS
MATLS 4C03,Modern Iron and Steelmaking,MATLS
MATLS 4FF3,"Synthesis, Applications and Environmental Impact of Nanomaterials",MATLS
MATLS 4I03,Sustainable Manufacturing Processes,MATLS
MATLS 4K06A,Senior Research Project,MATLS
MATLS 4LB3,Synthesis and Characterization of Biomedical Coatings,MATLS
MATLS 4LS2,Physical Metallurgy of Steels,MATLS
MATLS 4MS4,Materials Selection in Design,MATLS
MATLS 4Z06A,Materials Engineering Capstone,MATLS
MATLSBME 5P06A,Integrated Materials & Biomedical Engineering Capstone Design Project,MATLSBME
MECHBME 5P06A,Integrated Mechanical & Biomedical Engineering Capstone Design Project,MECHBME
MECHENG 2C04,Mechanical Engineering Design Project I,MECHENG
MECHENG 2D03,Mechanical Engineering Design Elements,MECHENG
MECHENG 2DA3,Mechanical Engineering Design Elements,MECHENG
MECHENG 2P04,Statics and Mechanics of Materials,MECHENG
MECHENG 2Q04,Engineering Mechanics: Kinetics and Dynamics,MECHENG
MECHENG 3C03,Manufacturing Engineering,MECHENG
MECHENG 3E03,Mechanical Engineering Design Theory,MECHENG
MECHENG 3M03A,Composite Laboratory I,MECHENG
MECHENG 3MA2,Composite Laboratory IA,MECHENG
MECHENG 3O04,Fluid Mechanics,MECHENG
MECHENG 4AI3,Applied Artificial Intelligence,MECHENG
MECHENG 4BB3,Biomechanics,MECHENG
MECHENG 4I03,Acoustics & Noise Control,MECHENG
MECHENG 4K03,Robotics,MECHENG
MECHENG 4M06A,Mechanical Engineering Capstone Design Project,MECHENG
MECHENG 4P03A,Composite Laboratory II,MECHENG
MECHENG 4Q03,Mechanical Vibrations,MECHENG
MECHENG 4S03,Incompressible Flow,MECHENG
MECHENG 4SS3,Smart Systems,MECHENG
MECHENG 4T03,Finite Element Applications,MECHENG
MECHENG 4U03,Compressible Flow and Turbomachinery,MECHENG
MECHENG 4V03,Thermo-Fluids Systems Design and Analysis,MECHENG
MECHENG 4X04A,Independent Research Project,MECHENG
MECHENG 4XA3,Independent Research Project,MECHENG
MECHENG 4Y03,Internal Combustion Engines,MECHENG
MECHTRON 2MP3,Programming for Mechatronics,MECHTRON
MECHTRON 3K04,Software Development,MECHTRON
MECHTRON 3MX3,Signals and Systems,MECHTRON
MECHTRON 3X03,Scientific Computation,MECHTRON
MECHTRON 4AA4,Real-Time Systems and Control Applications,MECHTRON
MECHTRON 4AX3,Predictive and Intelligent Control,MECHTRON
MECHTRON 4RP3,Research Project,MECHTRON
MECHTRON 4TB6A,Mechatronics Capstone Design Project,MECHTRON
MEDIAART 1A03,Media Arts,MEDIAART
MEDIAART 2DF3,Design Fundamentals,MEDIAART
MEDIAART 2G03,Digital Audio,MEDIAART
MEDIAART 3AN3,Animation,MEDIAART
MEDIAART 3B03,Digital Cultures,MEDIAART
MEDIAART 3D03,"Interface, Code, Data",MEDIAART
MEDIAART 3DS3,Documentary Strategies,MEDIAART
MEDIAART 3EW3,Environmental and Wildlife Photography,MEDIAART
MEDIAART 3VA3,Video Art and Digital Cinema,MEDIAART
MEDIAART 3Z03,Production and Critique,MEDIAART
MEDIAART 4ST6A,Senior Thesis Research and Production,MEDIAART
MEDPHYS 4B03,Radioactivity and Radiation in Medical Physics,MEDPHYS
MEDPHYS 4F03,Fundamentals of Health Physics,MEDPHYS
MEDPHYS 4RA3,Radiation and Radioisotope Methodology,MEDPHYS
MEDRADSC 1E03,Inquiry in Medical Radiation Sciences,MEDRADSC
MEDRADSC 1F03,Professions in Medical Radiation Sciences,MEDRADSC
MEDRADSC 2D03,Relational Anatomy I,MEDRADSC
MEDRADSC 2G03,Radiographic Skills I,MEDRADSC
MEDRADSC 2I03,Pathology and Procedures I,MEDRADSC
MEDRADSC 2K03,Applied Sonographic Physics and Instrumentation I,MEDRADSC
MEDRADSC 2L03,Abdominal Ultrasonography I,MEDRADSC
MEDRADSC 2M03,Obstetrical and Gynecologic Ultrasonography I,MEDRADSC
MEDRADSC 2N03,Sonographic Skills I,MEDRADSC
MEDRADSC 2S03,Clinical Oncology I,MEDRADSC
MEDRADSC 2U03,Radiation Therapy Skills I,MEDRADSC
MEDRADSC 2W03,Physics and Instrumentation for Radiation Therapy,MEDRADSC
MEDRADSC 2Y03,Radiographic Imaging and Instrumentation I,MEDRADSC
MEDRADSC 2ZZ0,Pre-Clinical Professional Skills Reassessment I,MEDRADSC
MEDRADSC 3G03,Radiographic Imaging and Instrumentation II,MEDRADSC
MEDRADSC 3J03,Pathology and Procedures II,MEDRADSC
MEDRADSC 3K03,Computed Tomography,MEDRADSC
MEDRADSC 3N03,Vascular Ultrasonography,MEDRADSC
MEDRADSC 3R03,Musculoskeletal Ultrasonography,MEDRADSC
MEDRADSC 3S03,Treatment Planning I,MEDRADSC
MEDRADSC 3Y03,Ethics for Medical Radiation Sciences,MEDRADSC
MEDRADSC 3ZZ0,Clinical Skill Development for Professionals,MEDRADSC
MEDRADSC 4A15,Radiography Clinical Practicum II,MEDRADSC
MEDRADSC 4C15,Ultrasonography Clinical Practicum II,MEDRADSC
MEDRADSC 4E15,Radiation Therapy Clinical Practicum II,MEDRADSC
MEDRADSC 4ZZ0,Pre-Clinical Professional Skills Reassessment II,MEDRADSC
MELD 1M00,Mentorship Lab 1,MELD
MELD 1Q03,Critical and Analytic Reading,MELD
MELD 1QQ3,"Grammar, Structure and University Writing",MELD
MELD 1R03,Aural Communication and Academic Culture,MELD
MELD 1RR3,Oral Communication for Academic and Social Interactions,MELD
MIDWIF 1D03,Midwifery The Profession I,MIDWIF
MIDWIF 1F03,Introduction to Research Methods and Critical Appraisal,MIDWIF
MIDWIF 2F03,Pharmacotherapy,MIDWIF
MIDWIF 2G06,Clinical Skills for Midwifery Practice,MIDWIF
MIDWIF 3A15,Fundamentals in Midwifery 2,MIDWIF
MIDWIF 3C09,Fundamentals in Midwifery 3,MIDWIF
MIDWIF 3F03,Midwifery Issues,MIDWIF
MIDWIF 3L01,Advanced Clinical Skills I,MIDWIF
MIDWIF 3M02,Advanced Clinical Skills II,MIDWIF
MIDWIF 4A15,Complex Care II,MIDWIF
MOLBIOL 2C03,Genetics,MOLBIOL
MOLBIOL 3B03,Advanced Cell Biology,MOLBIOL
MOLBIOL 3I03A,Independent Research Project,MOLBIOL
MOLBIOL 3I03S,Independent Research Project,MOLBIOL
MOLBIOL 3O03,Microbial Genetics,MOLBIOL
MOLBIOL 3V03,Techniques in Molecular Genetics,MOLBIOL
MOLBIOL 4ED3,Evolutionary Developmental Biology,MOLBIOL
MOLBIOL 4G12A,Senior Thesis,MOLBIOL
MOLBIOL 4K03,Research Advances in Biology of Aging,MOLBIOL
MOLBIOL 4RR3,Human Genetics,MOLBIOL
MUSIC 1A03,Introduction to the History Western of Music I,MUSIC
MUSIC 1CR3,Foundations of Music I,MUSIC
MUSIC 1E06A,Applied Music,MUSIC
MUSIC 1EE6A,Applied Music,MUSIC
MUSIC 1GB3A,Ensemble:Concert Band,MUSIC
MUSIC 1GC3A,Ensemble:Choir,MUSIC
MUSIC 1GP3A,Ensemble:Percussion,MUSIC
MUSIC 1GR3A,Ensemble Performance: McMaster Symphony Orchestra,MUSIC
MUSIC 1GW3A,Ensemble Performance: McMaster Vocal Ensemble,MUSIC
MUSIC 1HB0A,Ensemble Performance: McMaster Concert Band,MUSIC
MUSIC 1HC0A,Ensemble Performance: McMaster University Choir,MUSIC
MUSIC 1HP0A,Ensemble Performance: McMaster Percussion Ensemble,MUSIC
MUSIC 1HR0A,Ensemble Performance: McMaster Symphony Orchestra,MUSIC
MUSIC 1HW0A,Ensemble Performance: McMaster Vocal Ensemble,MUSIC
MUSIC 2DW3,Music Creation in Digital Audio Workstations I,MUSIC
MUSIC 2E06A,Applied Music,MUSIC
MUSIC 2EE6A,Applied Music,MUSIC
MUSIC 2F03,Music for Film and Television,MUSIC
MUSIC 2GB3A,Ensemble Performance: McMaster Concert Band,MUSIC
MUSIC 2GC3A,Ensemble Performance: McMaster University Choir,MUSIC
MUSIC 2GP3A,Ensemble Performance: McMaster Percussion Ensemble,MUSIC
MUSIC 2GR3A,Ensemble Performance: McMaster Symphony Orchestra,MUSIC
MUSIC 2GW3A,Ensemble Performance: McMaster Vocal Ensemble,MUSIC
MUSIC 2II3,Popular Music in North America and the United Kingdom: Post-World War II,MUSIC
MUSIC 2MA3,Introduction to Musical Analysis,MUSIC
MUSIC 2MT3,Introduction to the Practice of Music Therapy,MUSIC
MUSIC 2MU3,Introduction to Music Therapy Research,MUSIC
MUSIC 3E03,Applied Music,MUSIC
MUSIC 3E06A,Applied Music,MUSIC
MUSIC 3EE3,Applied Music,MUSIC
MUSIC 3EE6A,Applied Music,MUSIC
MUSIC 3GB3A,Ensemble Performance: McMaster Concert Band,MUSIC
MUSIC 3GC3A,Ensemble Performance: McMaster University Choir,MUSIC
MUSIC 3GP3A,Ensemble Performance: McMaster Percussion Ensemble,MUSIC
MUSIC 3GR3A,Ensemble Performance: McMaster Symphony Orchestra,MUSIC
MUSIC 3GW3A,Ensemble Performance: McMaster Vocal Ensemble,MUSIC
MUSIC 3SS3,Special Studies in Small Ensemble Performance I,MUSIC
MUSIC 3X03,Independent Study,MUSIC
MUSIC 4E03,Applied Music,MUSIC
MUSIC 4E06A,Applied Music,MUSIC
MUSIC 4E09A,Solo Performance,MUSIC
MUSIC 4EE3,Applied Music,MUSIC
MUSIC 4EE6A,Applied Music,MUSIC
MUSIC 4EE9A,"Solo Performance, Diploma",MUSIC
MUSIC 4GB3A,Ensemble Performance: McMaster Concert Band,MUSIC
MUSIC 4GC3A,Ensemble Performance: McMaster University Choir,MUSIC
MUSIC 4GP3A,Ensemble Performance: McMaster Percussion Ensemble,MUSIC
MUSIC 4GR3A,Ensemble Performance: McMaster Symphony Orchestra,MUSIC
MUSIC 4GW3A,Ensemble Performance: McMaster Vocal Ensemble,MUSIC
MUSIC 4N03,Choral Methods,MUSIC
MUSIC 4SS3,Special Studies in Small Ensemble Performance II,MUSIC
MUSIC 4X03,Advanced Independent Study,MUSIC
MUSICCOG 3QQ3A,Experimental Laboratory in Music Cognition I,MUSICCOG
MUSICCOG 3QQ3S,Experimental Laboratory in Music Cognition I,MUSICCOG
MUSICCOG 3SP3,The Science of Performance,MUSICCOG
MUSICCOG 4D06A,Thesis In Music Cognition,MUSICCOG
MUSICCOG 4QQ3A,Experimental Laboratory in Music Cognition II,MUSICCOG
MUSICCOG 4QQ3S,Lab In Music Cognition II,MUSICCOG
NEUROSCI 2BB3A,Research Practicum in Cellular/Molecular Neuroscience,NEUROSCI
NEUROSCI 2BB3S,Research Practicum in Cellular/Molecular Neuroscience,NEUROSCI
NEUROSCI 2CC3A,Research Practicum in Systems/Circuits Neuroscience,NEUROSCI
NEUROSCI 2CC3S,Research Practicum in Systems/Circuits Neuroscience,NEUROSCI
NEUROSCI 2DD3A,Research Practicum in Behavioural/Cognitive Neuroscience,NEUROSCI
NEUROSCI 2DD3S,Research Practicum in Behavioural/Cognitive Neuroscience,NEUROSCI
NEUROSCI 2XN0A,Neuroscience Tutorial,NEUROSCI
NEUROSCI 3BB3A,Individual Lab Study in Cellular/Molecular Neuroscience,NEUROSCI
NEUROSCI 3BB3S,Individual Lab Study in Cellular/Molecular Neuroscience,NEUROSCI
NEUROSCI 3BB6A,Individual Lab Study in Cellular/Molecular Neuroscience,NEUROSCI
NEUROSCI 3CC3A,Individual Lab Study in Systems/Circuits Neuroscience,NEUROSCI
NEUROSCI 3CC3S,Individual Lab Study in Systems/Circuits Neuroscience,NEUROSCI
NEUROSCI 3CC6A,Individual Lab Study in Systems/Circuits Neuroscience,NEUROSCI
NEUROSCI 3DD3A,Individual Lab Study in Behavioural/Cognitive Neuroscience,NEUROSCI
NEUROSCI 3DD3S,Individual Lab Study in Behavioural/Cognitive Neuroscience,NEUROSCI
NEUROSCI 3DD6A,Individual Lab Study Behavioural/Cognitive Neuroscience,NEUROSCI
NEUROSCI 3E03,Neuroscience Lab,NEUROSCI
NEUROSCI 3MN3,Computational Models in Neuroscience,NEUROSCI
NEUROSCI 4L09A,Neuroscience Thesis,NEUROSCI
NEUROSCI 4L12A,Neuroscience Senior Thesis,NEUROSCI
NEUROSCI 4S03A,Neuroscience Seminar,NEUROSCI
NEXUS 2A03,Impact of Infectious Disease on Individuals and Society,NEXUS
NEXUS 4A06A,How to Survive a Pandemic: Capstone Project for Nexus Minor,NEXUS
NUCENG 3D04,Principles of Nuclear Engineering,NUCENG
NUCENG 4P03,Nuclear Power Plant Systems and Operation,NUCENG
NUCLST 1N03,Nuclear Technology Applications,NUCLST
NUCLST 4NN3,Nuclear Energy in Practice,NUCLST
NURSING 1F03,Introduction to Nursing and Health I for Basic Stream,NURSING
NURSING 1I02,Introduction to Nursing Practice for Basic Stream,NURSING
NURSING 1K03,Community Engagement and Professional Citizenship,NURSING
NURSING 1RP1,Reintegration Course,NURSING
NURSING 2A04,Introduction to Professional RN Practice I for Post Diploma RPN Stream,NURSING
NURSING 2I04,Introduction to Professional Nursing and Health for Accelerated Stream,NURSING
NURSING 2L03,Professional Nursing Practice II for Basic Stream,NURSING
NURSING 2MM3,Nursing Concepts in Health and Illness I for Basic Stream,NURSING
NURSING 2U03,Introduction to Nursing Practice I for Accelerated Stream,NURSING
NURSING 3A04,Clinical Reasoning in RN Practice for Post Diploma RPN Stream,NURSING
NURSING 3IH3,Introduction to Indigenous Health Policy and Practice for Nursing,NURSING
NURSING 3MH2,Nursing Care and Practice in Mental Health,NURSING
NURSING 3SS3,Nursing Concepts in Health and Illness III for Basic Stream,NURSING
NURSING 3X04,Professional Nursing Practice IV,NURSING
NURSING 4CC3,Foundations of Adult Critical Care Nursing,NURSING
NURSING 4J07,Professional Nursing Practice VI,NURSING
NURSING 4K10,Professional Practice and the New Graduate,NURSING
NURSING 4P03,Advanced Nursing Concepts I,NURSING
NURSING 4P04,Advanced Nursing Concepts I,NURSING
NURSING 4Q03,Advanced Nursing Concepts II,NURSING
OJIBWE 2Z03,Intermediate Ojibwe,OJIBWE
PACE 1A01,"Foundations of Equitable Activity, Mobility, and Community Health",PACE
PACE 2A03,"Professionalism in Equitable Activity, Mobility, and Community Health",PACE
PEACJUST 1A03,"Peace, Justice, Human Rights",PEACJUST
PEACJUST 1VM3,Pass the Mic: Conversations on Justice,PEACJUST
PEACJUST 2CS3,Decolonization and Activism: Creating Social Change,PEACJUST
PEACJUST 2HC3,The History of Childhood (In)Justice in Canada,PEACJUST
PEACJUST 2XX3,Social & Structural Determinants of Health,PEACJUST
PEACJUST 3P03,Practicum: Practical Peace Building,PEACJUST
PEACJUST 3W03,Contemporary Native Literature in Canada,PEACJUST
PEACJUST 3XX3,Human Rights in History,PEACJUST
PEACJUST 4B03,Independent Research,PEACJUST
PEACJUST 4GG3,Nation and Genocide in the Modern World,PEACJUST
PEACJUST 4ST3,Special Topics Seminar,PEACJUST
PHARMAC 3A03,Introduction to Pharmacology,PHARMAC
PHARMAC 3A06A,Introduction to Pharmacology,PHARMAC
PHARMAC 3B06A,Methods in Pharmacology,PHARMAC
PHARMAC 4T15,Senior Thesis,PHARMAC
PHILOS 1B03,"Philosophy, Law and Society",PHILOS
PHILOS 1E03,Philosophical Questions,PHILOS
PHILOS 1F03,Meaning in Life,PHILOS
PHILOS 2CT3,Critical Thinking,PHILOS
PHILOS 2D03,Bioethics,PHILOS
PHILOS 2G03,Social and Political Issues,PHILOS
PHILOS 2P03,Ancient Greek Philosophy,PHILOS
PHILOS 2Q03,"Justice, Political Philosophy, and Law",PHILOS
PHILOS 2YY3,Ethics,PHILOS
PHILOS 3B03,European Philosophy from Nietzsche to World War II,PHILOS
PHILOS 3CC3,Advanced Ethics,PHILOS
PHILOS 3D03,Philosophy of Science,PHILOS
PHILOS 3I03,Philosophy and Feminism,PHILOS
PHILOS 3Q03,Philosophy of Law,PHILOS
PHILOS 3SR3,Metaphysics of Social Reality,PHILOS
PHILOS 3W03,Independent Study,PHILOS
PHILOS 4JP3,"Topics in Justice, Political Philosophy, and Law",PHILOS
PHILOS 4K03,Seminar in Ancient Philosophy,PHILOS
PHILOS 4S03,Human Rights and Global Justice,PHILOS
PHILOS 4T03,Special Topics in Philosophy,PHILOS
PHILOS 4W03,Independent Study,PHILOS
PHILOS 4YY3,Topics in Ethics,PHILOS
PHYSICS 1A03,Introductory Physics,PHYSICS
PHYSICS 1AA3,Introduction To Modern Physics,PHYSICS
PHYSICS 1C03,Physics for the Chemical and Physical Sciences,PHYSICS
PHYSICS 1D03,Introductory Mechanics,PHYSICS
PHYSICS 1V03,Introductory Physics,PHYSICS
PHYSICS 2B03,Electricity and Magnetism I,PHYSICS
PHYSICS 2C03,Modern Physics,PHYSICS
PHYSICS 3ET3A,Physics Teaching Placement,PHYSICS
PHYSICS 3ET3S,Physics Teaching Placement,PHYSICS
PHYSICS 3MM3,Quantum Mechanics I,PHYSICS
PHYSICS 3P03,Advanced Laboratory,PHYSICS
PHYSICS 4B03,Electromagnetic Theory,PHYSICS
PHYSICS 4G03,Computational Physics,PHYSICS
PHYSICS 4IS3,Independent Study,PHYSICS
PHYSICS 4L03A,Literature Review,PHYSICS
PHYSICS 4LQ3A,Literature Review – Quantum,PHYSICS
PHYSICS 4P06A,Senior Research Project,PHYSICS
PHYSICS 4PQ6A,Senior Research Project - Quantum,PHYSICS
PNB 2A03,Python for PNB,PNB
PNB 2QQ3A,Introductory Independent Research,PNB
PNB 2QQ3S,Introductory Independent Research,PNB
PNB 2XA3,Human Perception & Cognition,PNB
PNB 2XB3,Neuroanatomy & Neurophysiology,PNB
PNB 2XC3,Animal Behaviour & Evolution,PNB
PNB 2XT0,PNB Tutorial,PNB
PNB 3L03,Neurodevelopment & Plasticity Lab,PNB
PNB 3MM3,Cognitive Neuroscience Lab,PNB
PNB 3Q03A,Independent Library Study,PNB
PNB 3Q03S,Independent Library Study,PNB
PNB 3QM3A,Independent Research in Mental Health,PNB
PNB 3QM3S,Independent Research in Mental Health,PNB
PNB 3QQ3A,Intermediate Independent Research,PNB
PNB 3QQ3S,Intermediate Independent Research,PNB
PNB 3SL3A,"Service Learning in Psychology, Neuroscience & Behaviour",PNB
PNB 3XD3A,Integrative Mentor: Learning to Write through Student Editing,PNB
PNB 3XE3,Inferential Statistics and Research Methods,PNB
PNB 4D06A,Senior Thesis,PNB
PNB 4D09A,Senior Honours Thesis,PNB
PNB 4J03,"Inquiry in Psychology, Neuroscience & Behaviour",PNB
PNB 4Q03A,Senior Independent Library Study,PNB
PNB 4Q03S,Senior Independent Library Study,PNB
PNB 4QQ3A,Senior Independent Research,PNB
PNB 4QQ3S,Senior Independent Research,PNB
PNB 4QQ6A,Senior Independent Research,PNB
PNB 4SC6A,Science Communication in the Behavioural Sciences,PNB
POLISH 1BL3,Beginner Polish Language I,POLISH
POLSCI 1AA3,"Government, Politics, and Power",POLSCI
POLSCI 2C03,"Force and Fear, Crime and Punishment",POLSCI
POLSCI 2F03,"Politics, Power and Influence in Canada",POLSCI
POLSCI 2I03,Global Politics,POLSCI
POLSCI 2LW3,Communication Policy and Law,POLSCI
POLSCI 2M03,"Governance, Representation, and Participation in Democracies",POLSCI
POLSCI 2NN3,Politics by Design,POLSCI
POLSCI 2O06A,Political Theory,POLSCI
POLSCI 2US3,US Politics,POLSCI
POLSCI 2XX3,Politics of the Developing World,POLSCI
POLSCI 3CC3,Political Authority: 20th-Century Political Theory,POLSCI
POLSCI 3CL3,Constitutional and Public Law in Canada,POLSCI
POLSCI 3EE3,International Relations: North-South,POLSCI
POLSCI 3EL3,Election Law and Policy,POLSCI
POLSCI 3GA3,Global Political Economy of Resource Extraction in Africa,POLSCI
POLSCI 3GC3,Politics of a Dying Planet,POLSCI
POLSCI 3H03,Honours Issues in Comparative Politics,POLSCI
POLSCI 3J03,Honours Issues in Canadian Politics and Canadian Public Policy,POLSCI
POLSCI 3K03,"Migration and Citizenship: Canadian, Comparative and Global Perspectives",POLSCI
POLSCI 3LC3,Southeast Asian Politics,POLSCI
POLSCI 3PB3,Politics from Below,POLSCI
POLSCI 3UU3,Reading Course,POLSCI
POLSCI 3WP3,Working in Politics,POLSCI
POLSCI 3Y03,Democratization and Human Rights,POLSCI
POLSCI 3Z03,Canadian Public Sector Management,POLSCI
POLSCI 4AL3,Pathways: Approaching Life with a Political Science Degree,POLSCI
POLSCI 4CF3,Canadian Foreign Policy,POLSCI
POLSCI 4DV3,Death and Violence,POLSCI
POLSCI 4ED6A,Partnered Research in Elections and Democracy,POLSCI
POLSCI 4GC3,Advanced Issues in Global Citizenship,POLSCI
POLSCI 4JS3,Judicial Studies,POLSCI
POLSCI 4PE3,Climate Politics,POLSCI
POLSCI 4QQ3,Issues in International Politics,POLSCI
POLSCI 4RT3,Radical Political Theory,POLSCI
POLSCI 4ST3,Special Topics in Contemporary Politics,POLSCI
POLSCI 4Z06A,Honours Essay,POLSCI
POLSCI 4ZZ3,Experiential Learning in Research,POLSCI
POLSCI 4ZZ6A,Experiential Learning in Research,POLSCI
PROCTECH 2CA3,CAD for Design,PROCTECH
PROCTECH 2CE3,Chemical Engineering I: Mass Balance,PROCTECH
PROCTECH 2EE3,Electronic Devices and Circuits,PROCTECH
PROCTECH 2IC3,Instrumentation and Control,PROCTECH
PROCTECH 3CE3,Chemical Engineering III: Unit and Process Design,PROCTECH
PROCTECH 3CT3,Systems and Control,PROCTECH
PROCTECH 3MC3,Motion Control and Robotics,PROCTECH
PROCTECH 3PL3,Advanced PLC Programming and Control,PROCTECH
PROCTECH 4AS3,Industrial Systems Integration and Artificial Intelligence,PROCTECH
PROCTECH 4MH3,Machine Health and Remote Monitoring,PROCTECH
PROCTECH 4MS3,Manufacturing Technologies,PROCTECH
PROCTECH 4SS3,System Specification and Design,PROCTECH
PROCTECH 4TR3,Capstone Design Project II,PROCTECH
PSYCH 1FF3,Survey of Biological Basis of Psychology,PSYCH
PSYCH 1X03,"Introduction to Psychology, Neuroscience & Behaviour",PSYCH
PSYCH 2AA3,Child Development,PSYCH
PSYCH 2AP3,Psychological Perspectives on Mental Health,PSYCH
PSYCH 2B03,Personality,PSYCH
PSYCH 2C03,Social Psychology,PSYCH
PSYCH 2GG3,"Learning, Measuring, and Shaping Behaviour",PSYCH
PSYCH 2H03,Human Learning and Cognition,PSYCH
PSYCH 3A03,Audition,PSYCH
PSYCH 3AB3,Adolescent Psychology,PSYCH
PSYCH 3B03,Special Populations,PSYCH
PSYCH 3BA3,Positive Psychology,PSYCH
PSYCH 3C03,Child Language Acquisition,PSYCH
PSYCH 3D03,The Multisensory Mind,PSYCH
PSYCH 3FA3,Neuroscience of Learning and Memory,PSYCH
PSYCH 3M03,Motivation and Emotion,PSYCH
PSYCH 3SP3,The Science of Performance,PSYCH
PSYCH 3T03,Behavioural Ecology,PSYCH
PSYCH 3TT3,Science of Teaching and Learning,PSYCH
PSYCH 3VV3,Human Memory,PSYCH
PSYCH 3WA3,The Mind as a Work of Art,PSYCH
RUSSIAN 1BL3,Beginner Russian Language I,RUSSIAN
RUSSIAN 2G03,Masterpieces of Russian Literature in Film and TV Series (Taught in English),RUSSIAN
SCAR 1SC3,"The Big Questions: Introduction to Society, Culture & Religion",SCAR
SCAR 2AA3,Introduction to Modern Standard Arabic,SCAR
SCAR 2AP3,"Apocalypse, Then and Now",SCAR
SCAR 2BB3,Images of the Divine Feminine,SCAR
SCAR 2BM3,Magic and the Power of Ritual,SCAR
SCAR 2K03,What is Buddhism?,SCAR
SCAR 2M03,Death and Dying: Comparative Views,SCAR
SCAR 2MW3,"Religion, Magic and Witchcraft",SCAR
SCAR 2SP3,Sport and/as Religion,SCAR
SCAR 2TA3,Islam in North America,SCAR
SCAR 3AR3,Culture and Religion,SCAR
SCAR 3E03,Japanese Film and Religion,SCAR
SCAR 3F03,Approaches to the Study of Religion,SCAR
SCAR 3RL3,Religion and Law,SCAR
SCAR 3S03,The East Asian Religious Tradition,SCAR
SCAR 4Q03,"Advanced Readings in Society, Culture and Religion",SCAR
SCAR 4R06A,Honours Thesis,SCAR
SCAR 4SC3,"Society, Culture & Religion Seminar",SCAR
SCICOMM 2A03,Foundations in Science Communication,SCICOMM
SCICOMM 3P03,Communicating Science for Public Audiences,SCICOMM
SCICOMM 4A03,Independent Project in Science Communication,SCICOMM
SCIENCE 1A03,Investigating Science: Opportunities & Experiences,SCIENCE
SCIENCE 1SA1A,Science Colloquia,SCIENCE
SCIENCE 1SA1S,Science Colloquia,SCIENCE
SCIENCE 1SB1S,Science Research Volunteer,SCIENCE
SCIENCE 1SC1,Graduate Student Shadowing,SCIENCE
SCIENCE 2C00,Skills for Career Success in Science,SCIENCE
SCIENCE 2D00,Skills for Career Success in Biochemistry,SCIENCE
SCIENCE 2DL1,Design Your Science Career,SCIENCE
SCIENCE 2EP3A,Applied Placement,SCIENCE
SCIENCE 2EP3S,Applied Placement,SCIENCE
SCIENCE 2RI3,Research Innovation in Science (RIS) Startup Development,SCIENCE
SCIENCE 2RP3A,Research Placement,SCIENCE
SCIENCE 2RP3S,Research Placement,SCIENCE
SCIENCE 2SA1,Scientific Research Skills Workshop,SCIENCE
SCIENCE 2SG1,Scientific Research Group,SCIENCE
SCIENCE 2XR3,External Research Challenge I,SCIENCE
SCIENCE 3C00,Advanced Job Search Skills For Science Co-op Students,SCIENCE
SCIENCE 3D00,Advanced Job Search Skills For Co-op Students,SCIENCE
SCIENCE 3EP3A,Applied Science Placement,SCIENCE
SCIENCE 3EP3S,Applied Science Placement,SCIENCE
SCIENCE 3EX6A,Applied Science Placement,SCIENCE
SCIENCE 3IE0,Undergraduate Science Internship,SCIENCE
SCIENCE 3IF0,Undergraduate Science Internship,SCIENCE
SCIENCE 3IG0,Undergraduate Science Internship,SCIENCE
SCIENCE 3IH0,Undergraduate Science Internship,SCIENCE
SCIENCE 3RP3A,Research Practicum,SCIENCE
SCIENCE 3RP3S,Research Practicum,SCIENCE
SCIENCE 3WT0,Science Co-op Work Term,SCIENCE
SCIENCE 3WW0,Science Co-op Work Term,SCIENCE
SCIENCE 3XR3,External Research Challenge II,SCIENCE
SCIENCE 4WT0,Science Co-op Work Term,SCIENCE
SCIENCE 4WW0,Science Co-op Work Term,SCIENCE
SCIENCE 5WT0,Science Co-op Work Term,SCIENCE
SCIENCE 5WW0,Science Co-op Work Term,SCIENCE
SFGNTECH 3EE3,Engineering Economics,SFGNTECH
SFGNTECH 3FS3,Financial Systems,SFGNTECH
SFGNTECH 3MP3,Management Principles,SFGNTECH
SFGNTECH 4EM3,Legal and Regulatory Issues,SFGNTECH
SFGNTECH 4EN3,Entrepreneurial Thinking and Innovation,SFGNTECH
SFGNTECH 4MO3,Operations Management,SFGNTECH
SFGNTECH 4PM3,Project Management,SFGNTECH
SFGNTECH 4SE3,Technology Ethics and Sustainability,SFGNTECH
SFGNTECH 4TC3,Technical Communications,SFGNTECH
SFWRBME 5P06A,Integrated Software & Biomedical Engineering Capstone Design Project,SFWRBME
SFWRENG 2DA4,Digital Systems and Interfacing,SFWRENG
SFWRENG 2DM3,Discrete Mathematics with Applications I,SFWRENG
SFWRENG 2OP3,Object-Oriented Programming,SFWRENG
SFWRENG 2XC3,Software Engineering Practice and Experience: Development Basics,SFWRENG
SFWRENG 3BB4,Software Design II - Concurrent System Design,SFWRENG
SFWRENG 3DB3,Databases,SFWRENG
SFWRENG 3GC3,Computer Graphics,SFWRENG
SFWRENG 3K04,Software Development,SFWRENG
SFWRENG 3MX3,Signals and Systems,SFWRENG
SFWRENG 3O03,Linear Optimization,SFWRENG
SFWRENG 3RA3,Software Requirements and Security Considerations,SFWRENG
SFWRENG 4AA4,Real-Time Systems and Control Applications,SFWRENG
SFWRENG 4AL3,Applications of Machine Learning,SFWRENG
SFWRENG 4G06A,Software Design IV - Capstone Design Project,SFWRENG
SFWRENG 4HC3,Human Computer Interfaces,SFWRENG
SFWRENG 4RP3,Research Project,SFWRENG
SFWRENG 4TE3,Continuous Optimization,SFWRENG
SFWRENG 4TH3,Theory of Computation,SFWRENG
SFWRENG 4X03,Scientific Computation,SFWRENG
SFWRTECH 3CS3,Introduction to Cyber Security,SFWRTECH
SFWRTECH 3IT3,Fundamentals of Networking,SFWRTECH
SFWRTECH 3MA3,Contemporary Math for Software Development,SFWRTECH
SFWRTECH 3OS3,Operating Systems,SFWRTECH
SFWRTECH 3PR3,Procedural and Object Oriented Programming Concepts,SFWRTECH
SFWRTECH 3RQ3,Software Requirements and Specification,SFWRTECH
SFWRTECH 3ST3,Probability and Statistics,SFWRTECH
SFWRTECH 4AI3,Artificial Intelligence,SFWRTECH
SFWRTECH 4CC3,Parallel Programming,SFWRTECH
SFWRTECH 4DA3,Data Analytics and Big Data,SFWRTECH
SFWRTECH 4DS3,Data Structures and Algorithms,SFWRTECH
SFWRTECH 4ES3,Real-Time Systems,SFWRTECH
SFWRTECH 4MA3,Numerical Linear Algebra and Numerical Optimization,SFWRTECH
SFWRTECH 4NN3,Neural Networks and Deep Learning,SFWRTECH
SFWRTECH 4NS3,Advanced Network Security,SFWRTECH
SFWRTECH 4SA3,Software Architecture,SFWRTECH
SFWRTECH 4VD3,Videogame Development Technology,SFWRTECH
SMRTTECH 3CC3,Cloud Computing and Internet of Things,SMRTTECH
SMRTTECH 3DE3,Digital Electronics,SMRTTECH
SMRTTECH 4AI3,Artificial Intelligence and Machine Learning,SMRTTECH
SMRTTECH 4SC3,Smart Cities and Communities,SMRTTECH
SOCIOL 1C03,"Canadian Society: Social Problems, Social Policy, and the Law",SOCIOL
SOCIOL 1Z03,An Introduction to Sociology,SOCIOL
SOCIOL 2BB3,Sociological Approaches to Deviance and Crime,SOCIOL
SOCIOL 2CC3,Social Constructions of Criminal and Deviant Behaviours,SOCIOL
SOCIOL 2FF3,The Sociology of 'Race' and Ethnicity,SOCIOL
SOCIOL 2GG3,Sociology of Education,SOCIOL
SOCIOL 2KK3,Introduction to Classical Sociological Theory,SOCIOL
SOCIOL 2PP3,Sociology of Families,SOCIOL
SOCIOL 2T03,Sociology of Sport,SOCIOL
SOCIOL 2TA3,Islam In North America,SOCIOL
SOCIOL 2UU3,Indigenous Ontologies and Ways of Knowing,SOCIOL
SOCIOL 2Z03,Introduction to Sociological Research,SOCIOL
SOCIOL 3DL3,"Digital Lives: Technology, Culture, and Society",SOCIOL
SOCIOL 3FF3,Introduction to Quantitative Research Methods,SOCIOL
SOCIOL 3MM3,Political Sociology,SOCIOL
SOCIOL 3O03,Qualitative Research Methods,SOCIOL
SOCIOL 3U03,Sociology of Sexualities,SOCIOL
SOCIOL 3VV3,The Indian Act: A Social Problem,SOCIOL
SOCIOL 3YY3,Sociology of Globalization,SOCIOL
SOCIOL 4A03,Ethnic/Racial Tensions,SOCIOL
SOCIOL 4AA3,Selected Topics in the Sociology of the Family,SOCIOL
SOCIOL 4CM3,Critical Analysis of Media,SOCIOL
SOCIOL 4DD3,Social Movements and Social Change,SOCIOL
SOCIOL 4FF3,Applications of Quantitative Methods in the Social Sciences,SOCIOL
SOCIOL 4J03,Selected Topics in Sociology I,SOCIOL
SOCIOL 4M03,Directed Research I for Honours Students,SOCIOL
SOCIOL 4MM6A,Directed Research for Honours Students,SOCIOL
SOCIOL 4SI3,"Social Media, Sex, and Inequality in Intimate Relationships",SOCIOL
SOCPSY 1Z03,An Introduction to Social Psychology,SOCPSY
SOCPSY 2B03,Psychology of Well-Being,SOCPSY
SOCPSY 2D03,Making and Breaking Rules,SOCPSY
SOCPSY 2E03,Psychology of Intergroup Relations,SOCPSY
SOCPSY 2F03,Psychology of Close Relationships,SOCPSY
SOCPSY 2YY3,Theories in Social Psychology,SOCPSY
SOCPSY 3C03,Regimes of Social Control,SOCPSY
SOCPSY 3H03,Industrial/Organizational Psychology,SOCPSY
SOCPSY 3K03,Research Experience,SOCPSY
SOCPSY 3M03,Counselling & Psychotherapy,SOCPSY
SOCPSY 3Y03,Applied Social Psychology,SOCPSY
SOCPSY 4A03,Advanced Research Experience,SOCPSY
SOCPSY 4F03,Social Psychology of Crime and the Media,SOCPSY
SOCPSY 4H03,Advanced Topics in Close Relationships,SOCPSY
SOCPSY 4IS3,Independent Research,SOCPSY
SOCPSY 4IS6A,Independent Research,SOCPSY
SOCPSY 4ZZ6A,Social Psychology Research Project,SOCPSY
SOCSCI 1SS3,Inquiry in the Social Sciences,SOCSCI
SOCSCI 1T03,"Life, the University, and Everything",SOCSCI
SOCSCI 2AC3,Financial & Managerial Accounting for Social Sciences,SOCSCI
SOCSCI 2BA3,Introduction to Business Analysis for Social Sciences,SOCSCI
SOCSCI 2EL3,Career Preparation in the Social Sciences,SOCSCI
SOCSCI 2EN3,Entrepreneurial Training for Social Sciences,SOCSCI
SOCSCI 2FD3,Foundations of Disabilities,SOCSCI
SOCSCI 2HR3,Human Resources Management for Social Sciences,SOCSCI
SOCSCI 2J03,Introduction to Statistics,SOCSCI
SOCSCI 2LI3,Legal Implications and Brain Disorders,SOCSCI
SOCSCI 2PN3,Pharmacology for Non-Medical Health Professionals,SOCSCI
SOCSCI 2WT0,Social Sciences Co-op Work Term,SOCSCI
SOCSCI 3EP3,Social Sciences Experiential Project,SOCSCI
SOCSCI 3IF0A,Full-Time Internship,SOCSCI
SOCSCI 3IF0S,Full-Time Internship,SOCSCI
SOCSCI 3IP0A,Part-Time Internship,SOCSCI
SOCSCI 3IP0S,Part-Time Internship,SOCSCI
SOCSCI 3JS1,Co-Op Job Search II,SOCSCI
SOCSCI 3WT0,Social Sciences Co-op Work Term,SOCSCI
SOCSCI 4JS1,Co-Op Job Search III,SOCSCI
SOCSCI 4SD1,Skill Development Project,SOCSCI
SOCSCI 4WT0,Social Sciences Co-op Work Term,SOCSCI
SOCWORK 1AA3,So You Think You Can Help? Introduction to Social Work I,SOCWORK
SOCWORK 2A06A,"Theory, Process and Communication Skills for Social Work",SOCWORK
SOCWORK 2BB3,Anti-Oppressive Social Work,SOCWORK
SOCWORK 3D06A,General Social Work I,SOCWORK
SOCWORK 3DD6A,Field Practicum I,SOCWORK
SOCWORK 3F03,Social Work with Groups,SOCWORK
SOCWORK 4D06A,General Social Work II,SOCWORK
SOCWORK 4D06S,General Social Work II,SOCWORK
SOCWORK 4DD6A,Field Practicum II,SOCWORK
SOCWORK 4DD6S,Field Practicum II,SOCWORK
SOCWORK 4G03,Selected Topics,SOCWORK
SOCWORK 4J03,Social Change: Social Movements and Advocacy,SOCWORK
SOCWORK 4QQ3,Indigenizing Social Work Practice Approaches,SOCWORK
STATS 1LL3,Introduction to Probability and Statistics,STATS
STATS 2B03,Statistical Methods for Science,STATS
STATS 2D03,Introduction to Probability,STATS
STATS 2DA3,An Introduction to Data Science Methods,STATS
STATS 3A03,Applied Regression Analysis with SAS,STATS
STATS 3AT3,Advancing Tomorrow's Actuaries,STATS
STATS 3D03,Mathematical Statistics,STATS
STATS 3G03,Actuarial Mathematics I,STATS
STATS 3J04,Probability and Statistics for Civil Engineering,STATS
STATS 3U03,Stochastic Processes,STATS
STATS 3Y03,Probability and Statistics for Engineering,STATS
STATS 4CI3,Computational Methods for Inference,STATS
STATS 4M03,Multivariate Analysis,STATS
STATS 4T06A,Senior Research Project,STATS
STATS 4W03,Reading in Statistics,STATS
STATS 5GT3,Graduate Level Topics in Statistics,STATS
SUSTAIN 1S03,Introduction to Sustainability,SUSTAIN
SUSTAIN 2GS3,Global Questions in Sustainability,SUSTAIN
SUSTAIN 2S03,Evaluating Problems & Sustainable Solutions,SUSTAIN
SUSTAIN 2SD3,Exploring the United Nations Sustainable Development Goals,SUSTAIN
SUSTAIN 2SS3,Advocating for Sustainability,SUSTAIN
SUSTAIN 3S03,Implementing Sustainable Change,SUSTAIN
TRONBME 5P06A,Integrated Mechatronics & Biomedical Engineering Capstone Design Project,TRONBME
VSR 1A00,Visiting Undergraduate Student Research,VSR
WHMIS 1A00,Introduction to Health and Safety,WHMIS
WILSON 1A03,Introduction to Leadership and Civic Studies,WILSON
WILSON 1SH3,Pathways into Leadership & Civic Engagement,WILSON
WILSON 2C03,"Leadership, Civic Engagement and Contemporary Communication",WILSON
WILSON 2LP0A,Leadership Portfolio: Foundations,WILSON
WORKLABR 1E03,Navigating the World of Work,WORKLABR
WORKLABR 2A03,Unions in Action,WORKLABR
WORKLABR 2J03,Work and Racism,WORKLABR
WORKLABR 2K03,Technology and The Future of Work,WORKLABR
WORKLABR 3A03,Economics of Labour Market Issues,WORKLABR
WORKLABR 3D03,Workers’ Health and Well-Being in a Changing World,WORKLABR
WORKLABR 3K03,On the Move: Workers in a Global World,WORKLABR
WORKLABR 4A03,Work and Labour Studies Practicum,WORKLABR
WORKLABR 4C03,Public Sector Collective Bargaining,WORKLABR
